Unnamed: 0,country,year_1978,year_1979,year_1980,year_1981,year_1982,year_1983,year_1984,year_1985,year_1986,year_1987,year_1988,year_1989,year_1990,year_1991,year_1992,year_1993,year_1994,year_1995,year_1996,year_1997,year_1998,year_1999,year_2000,year_2001,year_2002,year_2003,year_2004,year_2005,year_2006,year_2007,year_2008,year_2009,year_2010,year_2011,year_2012,year_2013,year_2014,year_2015,year_2016,year_2017,year_2018,year_2019,year_2020
1,Afghanistan,13341199.0,13411060.0,13356500.0,13171679.0,12882518.0,12537732.0,12204306.0,11938204.0,11736177.0,11604538.0,11618008.0,11868873.0,12412311,13299016,14485543.0,15816601.0,17075728.0,18110662,18853444,19357126,19737770,20170847,20779957,21606992,22600774,23680871,24726689,25654274,26433058,27100542,27722281,28394806,29185511,30117411,31161378.0,32269592.0,33370804.0,34413603.0,35383028.0,36296111.0,37171922.0,38041757.0,38928341.0
2,Albania,2566266.0,2617832.0,2671997.0,2726056.0,2784278.0,2843960.0,2904429.0,2964762.0,3022635.0,3083605.0,3142336.0,3227943.0,3286542,3266790,3247039.0,3227287.0,3207536.0,3187784,3168033,3148281,3128530,3108778,3089027,3060173,3051010,3039616,3026939,3011487,2992547,2970017,2947314,2927519,2913021,2905195,2900401.0,2895092.0,2889104.0,2880703.0,2876101.0,2873457.0,2866376.0,2854191.0,2837743.0
3,Algeria,18102266.0,18647801.0,19221659.0,19824297.0,20452901.0,21101875.0,21763578.0,22431507.0,23102386.0,23774287.0,24443472.0,25106192.0,25758872,26400468,27028330.0,27635517.0,28213777.0,28757788,29266415,29742980,30192750,30623406,31042238,31451513,31855110,32264159,32692153,33149720,33641007,34166976,34730604,35333882,35977451,36661438,37383899.0,38140135.0,38923688.0,39728020.0,40551398.0,41389174.0,42228415.0,43053054.0,43851043.0
4,American Samoa,31262.0,31842.0,32648.0,33697.0,34969.0,36413.0,37946.0,39521.0,41114.0,42741.0,44346.0,45894.0,47351,48682,49900.0,51025.0,52099.0,53158,54209,55227,56180,57049,57816,58496,59077,59495,59684,59557,59109,58367,57490,56675,56084,55755,55669.0,55717.0,55791.0,55806.0,55739.0,55617.0,55461.0,55312.0,55197.0
5,Andorra,33744.0,34825.0,36063.0,37498.0,39115.0,40854.0,42706.0,44593.0,46520.0,48459.0,50433.0,52452.0,54508,56666,58882.0,60974.0,62676.0,63860,64363,64318,64140,64368,65390,67344,70048,73180,76250,78871,80995,82682,83860,84461,84454,83748,82427.0,80770.0,79213.0,77993.0,77295.0,76997.0,77008.0,77146.0,77265.0
6,Angola,7790774.0,8058112.0,8341290.0,8640478.0,8952971.0,9278104.0,9614756.0,9961993.0,10320116.0,10689247.0,11068051.0,11454784.0,11848385,12248901,12657361.0,13075044.0,13503753.0,13945205,14400722,14871572,15359600,15866871,16395477,16945753,17519418,18121477,18758138,19433604,20149905,20905360,21695636,22514275,23356247,24220660,25107925.0,26015786.0,26941773.0,27884380.0,28842482.0,29816769.0,30809787.0,31825299.0,32866268.0
7,Antigua and Barbuda,62038.0,61948.0,61861.0,61789.0,61780.0,61779.0,61784.0,61785.0,61754.0,61713.0,61758.0,62007.0,62533,63363,64459.0,65777.0,67201.0,68672,70176,71707,73219,74674,76007,77212,78298,79311,80347,81462,82715,84029,85394,86743,88030,89250,90407.0,91510.0,92562.0,93571.0,94520.0,95425.0,96282.0,97115.0,97928.0
8,Argentina,27061041.0,27471046.0,27896532.0,28338514.0,28794550.0,29262049.0,29737097.0,30216284.0,30698964.0,31184411.0,31668939.0,32148137.0,32618648,33079002,33529320.0,33970103.0,34402669.0,34828168,35246376,35657438,36063451,36467218,36870796,37275644,37681743,38087866,38491970,38892924,39289876,39684303,40080159,40482786,40788453,41261490,41733271.0,42202935.0,42669500.0,43131966.0,43590368.0,44044811.0,44494502.0,44938712.0,45376763.0
9,Armenia,2997419.0,3049107.0,3099759.0,3148096.0,3193696.0,3238592.0,3285593.0,3335935.0,3392264.0,3451947.0,3504667.0,3536473.0,3538164,3505249,3442820.0,3363111.0,3283664.0,3217349,3168213,3133081,3108691,3089020,3069597,3050686,3033976,3017938,3000715,2981262,2958301,2932615,2907615,2888094,2877314,2876536,2884239.0,2897593.0,2912403.0,2925559.0,2936147.0,2944789.0,2951741.0,2957728.0,2963234.0
10,Aruba,60102.0,59972.0,60097.0,60561.0,61341.0,62213.0,62826.0,63024.0,62645.0,61838.0,61072.0,61033.0,62152,64623,68240.0,72495.0,76705.0,80324,83211,85450,87280,89009,90866,92892,94992,97016,98744,100028,100830,101226,101362,101452,101665,102050,102565.0,103165.0,103776.0,104339.0,104865.0,105361.0,105846.0,106310.0,106766.0
11,Australia,14358000.0,14514000.0,14692000.0,14927000.0,15178000.0,15369000.0,15544000.0,15758000.0,16018400.0,16263900.0,16532200.0,16814400.0,17065100,17284000,17495000.0,17667000.0,17855000.0,18072000,18311000,18517000,18711000,18926000,19153000,19413000,19651400,19895400,20127400,20394800,20697900,20827600,21249200,21691700,22031750,22340024,22733465.0,23128129.0,23475686.0,23815995.0,24190907.0,24601860.0,24982688.0,25365745.0,25687041.0
12,Austria,7562305.0,7549425.0,7549433.0,7568710.0,7574140.0,7561910.0,7561434.0,7564985.0,7569794.0,7574586.0,7585317.0,7619567.0,7677850,7754891,7840709.0,7905633.0,7936118.0,7948278,7959017,7968041,7976789,7992324,8011566,8042293,8081957,8121423,8171966,8227829,8268641,8295487,8321496,8343323,8363404,8391643,8429991.0,8479823.0,8546356.0,8642699.0,8736668.0,8797566.0,8840521.0,8879920.0,8917205.0
13,Azerbaijan,5957927.0,6053635.0,6150735.0,6249312.0,6349555.0,6452067.0,6557581.0,6666447.0,6778631.0,6893486.0,7010027.0,7126877.0,7159000,7271000,7382000.0,7495000.0,7597000.0,7685000,7763000,7838250,7913000,7982750,8048600,8111200,8171950,8234100,8306500,8391850,8484550,8581300,8763400,8947243,9054332,9173082,9295784.0,9416801.0,9535079.0,9649341.0,9757812.0,9854033.0,9939771.0,10024283.0,10110116.0
14,"Bahamas, The",201482.0,205991.0,210589.0,215321.0,220182.0,225095.0,229913.0,234579.0,239020.0,243265.0,247451.0,251738.0,256227,261007,266028.0,271065.0,275849.0,280179,283980,287363,290600,294063,298045,302618,307657,313123,318893,324848,331032,337387,343680,349600,354936,359583,363581.0,367162.0,370625.0,374200.0,377923.0,381749.0,385635.0,389486.0,393248.0
15,Bahrain,323468.0,342804.0,359897.0,374120.0,385953.0,396451.0,407233.0,419428.0,433478.0,448981.0,465198.0,481081.0,495927,509762,523082.0,536212.0,549590.0,563698,578661,594927,613697,636540,664610,697550,735140,778708,829846,889157,958423,1035924,1114645,1185075,1240864,1278153,1299942.0,1315029.0,1336073.0,1371853.0,1425793.0,1494077.0,1569440.0,1641164.0,1701583.0
16,Bangladesh,75450033.0,77529040.0,79639498.0,81767516.0,83932132.0,86142490.0,88416529.0,90764180.0,93187593.0,95671159.0,98186350.0,100695496.0,103171957,105599125,107983708.0,110350641.0,112737684.0,115169933,117649927,120160571,122682818,125189655,127657862,130088709,132478077,134791598,136986429,139035505,140921154,142660381,144304164,145924795,147575433,149273134,151005733.0,152761413.0,154517385.0,156256287.0,157977151.0,159685421.0,161376713.0,163046173.0,164689383.0
17,Barbados,250200.0,251347.0,252388.0,253296.0,254078.0,254791.0,255493.0,256260.0,257117.0,258012.0,258970.0,259961.0,260933,261912,262890.0,263869.0,264893.0,265955,267047,268183,269334,270455,271511,272494,273423,274331,275283,276320,277475,278701,279946,281107,282131,282987,283698.0,284294.0,284825.0,285327.0,285798.0,286229.0,286640.0,287021.0,287371.0
18,Belarus,9525000.0,9584000.0,9643000.0,9710000.0,9776000.0,9843000.0,9910000.0,9975000.0,10043000.0,10111000.0,10140000.0,10170000.0,10189000,10194000,10216000.0,10239000.0,10227000.0,10194000,10160000,10117000,10069000,10026738,9979610,9928549,9865548,9796749,9730146,9663915,9604924,9560953,9527985,9506765,9490583,9473172,9464495.0,9465997.0,9474511.0,9489616.0,9501534.0,9498264.0,9483499.0,9417849.0,9398861.0
19,Belgium,9839534.0,9848382.0,9859242.0,9858982.0,9856303.0,9855520.0,9855372.0,9858308.0,9861823.0,9870234.0,9901664.0,9937697.0,9967379,10004486,10045158.0,10084475.0,10115603.0,10136811,10156637,10181245,10203008,10226419,10251250,10286570,10332785,10376133,10421137,10478617,10547958,10625700,10709973,10796493,10895586,11038264,11106932.0,11159407.0,11209057.0,11274196.0,11331422.0,11375158.0,11427054.0,11488980.0,11555997.0
20,Belize,138975.0,141302.0,144142.0,147572.0,151486.0,155820.0,160341.0,164918.0,169569.0,174333.0,179023.0,183471.0,187554,191136,194324.0,197625.0,201679.0,206962,213660,221575,230248,238979,247310,255068,262387,269428,276516,283798,291338,299031,306822,314655,322465,330236,338001.0,345707.0,353366.0,360926.0,368399.0,375775.0,383071.0,390351.0,397621.0
21,Benin,3523933.0,3618519.0,3717161.0,3820126.0,3927717.0,4039940.0,4156819.0,4278502.0,4404504.0,4535262.0,4672844.0,4820020.0,4978489,5149496,5331805.0,5521761.0,5714215.0,5905552,6094272,6281644,6470275,6664102,6865946,7076728,7295400,7520556,7750003,7982223,8216893,8454790,8696915,8944713,9199254,9460829,9729254.0,10004594.0,10286839.0,10575962.0,10872072.0,11175192.0,11485035.0,11801151.0,12123198.0
22,Bermuda,53600.0,53800.0,54670.0,55050.0,55449.0,55930.0,56423.0,56898.0,57382.0,57849.0,58347.0,58841.0,59326,59021,58595.0,58910.0,59320.0,59746,60129,60497,60943,61285,61833,62504,62912,63325,63740,64154,64523,64888,65273,65636,65124,64564,64798.0,65001.0,65138.0,65237.0,64554.0,63873.0,63919.0,63913.0,63903.0
23,Bhutan,383324.0,395192.0,406883.0,418107.0,428938.0,439823.0,451471.0,464264.0,478683.0,494313.0,509532.0,522173.0,530801,534637,534525.0,532590.0,531905.0,534629,541471,551713,564378,577886,591014,603643,616025,627840,638809,648744,657404,664873,671611,678329,685502,693297,701582.0,710235.0,719053.0,727885.0,736706.0,745563.0,754396.0,763094.0,771612.0
24,Bolivia,5344946.0,5462413.0,5579932.0,5697098.0,5814344.0,5932812.0,6054126.0,6179460.0,6309129.0,6442824.0,6580318.0,6721117.0,6864839,7011456,7160917.0,7312857.0,7466792.0,7622334,7779268,7937453,8096761,8257066,8418270,8580244,8742822,8905820,9069044,9232301,9395449,9558438,9721457,9884790,10048597,10212951,10377677.0,10542375.0,10706517.0,10869732.0,11031822.0,11192853.0,11353140.0,11513102.0,11673029.0
25,Bosnia and Herzegovina,4100355.0,4138816.0,4179850.0,4222479.0,4265183.0,4307907.0,4350566.0,4392135.0,4435925.0,4479516.0,4509462.0,4507819.0,4463422,4369320,4233673.0,4078940.0,3936527.0,3829049,3764419,3736070,3734338,3743353,3751176,3755514,3759389,3762179,3764194,3765332,3765422,3762791,3754261,3735945,3705478,3661173,3604972.0,3542598.0,3482106.0,3429362.0,3386263.0,3351534.0,3323929.0,3300998.0,3280815.0
26,Botswana,832467.0,865073.0,897860.0,930412.0,962859.0,996124.0,1031439.0,1069585.0,1110948.0,1154904.0,1200073.0,1244484.0,1286756,1326321,1363541.0,1399110.0,1434061.0,1469173,1504724,1540424,1575827,1610260,1643333,1674674,1704637,1734387,1765533,1799077,1835911,1875458,1915636,1953495,1987106,2015406,2039551.0,2062551.0,2088619.0,2120716.0,2159925.0,2205076.0,2254067.0,2303703.0,2351625.0
27,Brazil,115121158.0,117878412.0,120694012.0,123570327.0,126498322.0,129448815.0,132383569.0,135274083.0,138108915.0,140891606.0,143627505.0,146328305.0,149003225,151648007,154259382.0,156849086.0,159432717.0,162019889,164614682,167209046,169785253,172318674,174790339,177196051,179537523,181809244,184006479,186127108,188167353,190130445,192030362,193886505,195713637,197514541,199287292.0,201035904.0,202763744.0,204471759.0,206163056.0,207833825.0,209469320.0,211049519.0,212559409.0
28,British Virgin Islands,11041.0,11226.0,11471.0,11821.0,12250.0,12755.0,13317.0,13951.0,14646.0,15390.0,16155.0,16867.0,17489,18007,18443.0,18783.0,19068.0,19307,19508,19660,19820,20026,20313,20675,21128,21674,22329,23106,24022,25050,26096,27035,27796,28326,28654.0,28850.0,28985.0,29148.0,29355.0,29567.0,29795.0,30033.0,30237.0
29,Brunei Darussalam,181201.0,187596.0,193880.0,200027.0,206064.0,212073.0,218176.0,224440.0,230917.0,237565.0,244405.0,251456.0,258714,266208,273888.0,281684.0,289452.0,297112,304620,311962,319135,326214,333166,340037,346777,353295,359434,365112,370262,374967,379418,383902,388634,393687,398997.0,404414.0,409778.0,414914.0,419791.0,424481.0,428960.0,433296.0,437483.0
30,Bulgaria,8814032.0,8825940.0,8861535.0,8891117.0,8917457.0,8939738.0,8960679.0,8960547.0,8958171.0,8971359.0,8981446.0,8876972.0,8718289,8632367,8540164.0,8472313.0,8443591.0,8406067,8362826,8312068,8256786,8210624,8170172,8009142,7837161,7775327,7716860,7658972,7601022,7545338,7492561,7444443,7395599,7348328,7305888.0,7265115.0,7223938.0,7177991.0,7127822.0,7075947.0,7025037.0,6975761.0,6927288.0
31,Burkina Faso,6530820.0,6671656.0,6822837.0,6985166.0,7158259.0,7340910.0,7531239.0,7727908.0,7930689.0,8140080.0,8356313.0,8579818.0,8811033,9050086,9297110.0,9552473.0,9816584.0,10089880,10372734,10665552,10968722,11282696,11607951,11944589,12293097,12654624,13030576,13421935,13829173,14252029,14689725,15141098,15605211,16081915,16571252.0,17072791.0,17586029.0,18110616.0,18646350.0,19193236.0,19751466.0,20321383.0,20903278.0
32,Burundi,3949264.0,4051239.0,4157296.0,4266520.0,4379727.0,4497544.0,4621096.0,4750832.0,4886745.0,5027143.0,5168703.0,5307069.0,5438959,5564923,5685569.0,5798054.0,5898964.0,5987044,6060110,6122130,6185564,6267132,6378871,6525546,6704118,6909161,7131688,7364857,7607850,7862226,8126104,8397661,8675606,8958406,9245992.0,9540302.0,9844301.0,10160034.0,10488002.0,10827010.0,11175379.0,11530577.0,11890781.0
33,Cabo Verde,276182.0,279729.0,283848.0,288678.0,294244.0,300226.0,306140.0,311668.0,316613.0,321137.0,325744.0,331180.0,337953,346229,355763.0,366057.0,376409.0,386288,395533,404248,412513,420456,428178,435701,442955,449925,456619,463034,469171,475067,480846,486667,492644,498858,505241.0,511740.0,518276.0,524740.0,531140.0,537499.0,543764.0,549936.0,555988.0
34,Cambodia,6957267.0,6770393.0,6693759.0,6749849.0,6919803.0,7170004.0,7447844.0,7714894.0,7960952.0,8198082.0,8435909.0,8691331.0,8975597,9289298,9623899.0,9970727.0,10317901.0,10656145,10982919,11298594,11600510,11886464,12155241,12405411,12637719,12856171,13066475,13273355,13477705,13679953,13883835,14093605,14312205,14541421,14780454.0,15026330.0,15274506.0,15521435.0,15766290.0,16009413.0,16249795.0,16486542.0,16718971.0
35,Cameroon,8121081.0,8365560.0,8621409.0,8888534.0,9166813.0,9456496.0,9757849.0,10070806.0,10395481.0,10731058.0,11075423.0,11425807.0,11780086,12137912,12499499.0,12864091.0,13230978.0,13599984,13970812,14344444,14723772,15112598,15513944,15928910,16357605,16800869,17259322,17733408,18223677,18730283,19252674,19789922,20341236,20906392,21485267.0,22077300.0,22681853.0,23298376.0,23926549.0,24566070.0,25216261.0,25876387.0,26545864.0
36,Canada,23963203.0,24201544.0,24515667.0,24819915.0,25116942.0,25366451.0,25607053.0,25842116.0,26100278.0,26446601.0,26791747.0,27276781.0,27691138,28037420,28371264.0,28684764.0,29000663.0,29302311,29610218,29905948,30155173,30401286,30685730,31020902,31360079,31644028,31940655,32243753,32571174,32889025,33247118,33628895,34004889,34339328,34714222.0,35082954.0,35437435.0,35702908.0,36109487.0,36545295.0,37065178.0,37593384.0,38005238.0
37,Cayman Islands,14681.0,15485.0,16207.0,16857.0,17436.0,18005.0,18662.0,19460.0,20426.0,21539.0,22775.0,24028.0,25307,26540,27784.0,29068.0,30521.0,32161,34065,36155,38330,40423,42305,43934,45347,46624,47899,49261,50729,52280,53835,55321,56672,57877,58963.0,59933.0,60848.0,61721.0,62564.0,63382.0,64172.0,64948.0,65720.0
38,Central African Republic,2087662.0,2140778.0,2199359.0,2264441.0,2335339.0,2408322.0,2478382.0,2542170.0,2597765.0,2646836.0,2693974.0,2745735.0,2806740,2878507,2959236.0,3046148.0,3135017.0,3222662,3308235,3392432,3475485,3558019,3640421,3722016,3802129,3881185,3959883,4038380,4118075,4198004,4273368,4337623,4386765,4418639,4436411.0,4447945.0,4464171.0,4493171.0,4537683.0,4596023.0,4666375.0,4745179.0,4829764.0
39,Chad,4337292.0,4422743.0,4514427.0,4612858.0,4718157.0,4832316.0,4957561.0,5095400.0,5247281.0,5412844.0,5589624.0,5773930.0,5963250,6157085,6356741.0,6563925.0,6781057.0,7010159,7250974,7503494,7770053,8053532,8355654,8678049,9019226,9373913,9734761,10096630,10457122,10818031,11183589,11560142,11952134,12360986,12784748.0,13220433.0,13663562.0,14110971.0,14561658.0,15016761.0,15477727.0,15946882.0,16425859.0
40,Chile,11089165.0,11254877.0,11419350.0,11582020.0,11743909.0,11907955.0,12078137.0,12257238.0,12445833.0,12642917.0,12847712.0,13058758.0,13274617,13495255,13719818.0,13944934.0,14166346.0,14380864,14587367,14786227,14977736,15162801,15342350,15516112,15684413,15849649,16014972,16182713,16354507,16530201,16708255,16886184,17062531,17233584,17400359.0,17571511.0,17758969.0,17969356.0,18209072.0,18470435.0,18729166.0,18952035.0,19116209.0
41,China,956165000.0,969005000.0,981235000.0,993885000.0,1008630000.0,1023310000.0,1036825000.0,1051040000.0,1066790000.0,1084035000.0,1101630000.0,1118650000.0,1135185000,1150780000,1164970000.0,1178440000.0,1191835000.0,1204855000,1217550000,1230075000,1241935000,1252735000,1262645000,1271850000,1280400000,1288400000,1296075000,1303720000,1311020000,1317885000,1324655000,1331260000,1337705000,1344130000,1350695000.0,1357380000.0,1364270000.0,1371220000.0,1378665000.0,1386395000.0,1392730000.0,1397715000.0,1402112000.0
42,Colombia,25733669.0,26312996.0,26900508.0,27496608.0,28101824.0,28714183.0,29331230.0,29951194.0,30572479.0,31195417.0,31822527.0,32457497.0,33102569,33758328,34422568.0,35091272.0,35758978.0,36421438,37076387,37723803,38364307,38999468,39629965,40255956,40875363,41483872,42075953,42647731,43200901,43737512,44254972,44750054,45222699,45662747,46075721.0,46495492.0,46967706.0,47520667.0,48175048.0,48909844.0,49661056.0,50339443.0,50882884.0
43,Comoros,286628.0,297451.0,307831.0,317617.0,326944.0,336088.0,345455.0,355337.0,365765.0,376647.0,387964.0,399638.0,411598,423873,436454.0,449270.0,462280.0,475394,488625,501955,515382,528853,542358,555895,569480,583213,597230,611625,626427,641624,657227,673251,689696,706578,723865.0,741511.0,759390.0,777435.0,795597.0,813890.0,832322.0,850891.0,869595.0
44,"Congo, Dem. Rep.",24956387.0,25663598.0,26358905.0,27040329.0,27717293.0,28403858.0,29119663.0,29881222.0,30683877.0,31528702.0,32443784.0,33464767.0,34612023,35908240,37333917.0,38815835.0,40252973.0,41576239,42757239,43827191,44849968,45919615,47105830,48428534,49871670,51425583,53068869,54785894,56578046,58453687,60411195,62448572,64563853,66755151,69020749.0,71358804.0,73767445.0,76244532.0,78789130.0,81398765.0,84068092.0,86790568.0,89561404.0
45,"Congo, Rep.",1677326.0,1726865.0,1777932.0,1830629.0,1884873.0,1940454.0,1996994.0,2054308.0,2112359.0,2171319.0,2231462.0,2293161.0,2356740,2422312,2489945.0,2559880.0,2632345.0,2707532,2785815,2867283,2951651,3038432,3127420,3217930,3310376,3406915,3510468,3622775,3745143,3876123,4011487,4145400,4273738,4394842,4510197.0,4622757.0,4736965.0,4856093.0,4980996.0,5110701.0,5244363.0,5380504.0,5518092.0
46,Costa Rica,2264942.0,2326460.0,2389973.0,2455593.0,2523358.0,2593015.0,2664220.0,2736719.0,2810245.0,2884856.0,2960932.0,3039015.0,3119436,3202083,3286525.0,3372298.0,3458829.0,3545524,3632361,3718952,3803893,3885428,3962369,4034074,4100922,4164053,4225156,4285504,4345421,4404626,4463123,4520739,4577371,4633086,4688003.0,4742111.0,4795390.0,4847805.0,4899336.0,4949955.0,4999443.0,5047561.0,5094114.0
47,Cote d'Ivoire,7350269.0,7685927.0,8033652.0,8393689.0,8764991.0,9144940.0,9530103.0,9918204.0,10307268.0,10698188.0,11094740.0,11502453.0,11924873,12362404,12812428.0,13271638.0,13735438.0,14199759,14665125,15130674,15589407,16032573,16454660,16853027,17231539,17599613,17970493,18354513,18754914,19171250,19605568,20059147,20532944,21028652,21547188.0,22087506.0,22647672.0,23226148.0,23822726.0,24437475.0,25069226.0,25716554.0,26378275.0
48,Croatia,4581085.0,4594778.0,4599782.0,4611509.0,4634234.0,4658254.0,4680285.0,4701417.0,4721446.0,4739745.0,4755207.0,4767260.0,4777368,4689022,4575818.0,4600463.0,4652024.0,4620030,4557097,4534920,4532135,4512597,4468302,4299642,4302174,4303399,4304600,4310145,4311159,4310217,4309705,4305181,4295427,4280622,4267558.0,4255689.0,4238389.0,4203604.0,4174349.0,4124531.0,4087843.0,4065253.0,4047200.0
49,Cuba,9724044.0,9790850.0,9849457.0,9898891.0,9940314.0,9981303.0,10031651.0,10097910.0,10183894.0,10286645.0,10397519.0,10503967.0,10596986,10673534,10736386.0,10789312.0,10838461.0,10888246,10939285,10989730,11038706,11084673,11126423,11164676,11199664,11229185,11250369,11261586,11261241,11251117,11236975,11226711,11225833,11236671,11257112.0,11282722.0,11306909.0,11324777.0,11335108.0,11339255.0,11338146.0,11333484.0,11326616.0
50,Curacao,148341.0,147851.0,148041.0,148629.0,150101.0,151159.0,151940.0,152711.0,152662.0,151456.0,149254.0,146937.0,145400,144403,143912.0,144299.0,144630.0,145139,146306,146956,144472,139428,133860,129047,129205,131897,134192,137658,141239,144056,145880,146833,148703,150831,152088.0,153822.0,155909.0,157980.0,159664.0,160175.0,159336.0,157441.0,155014.0
51,Cyprus,673253.0,680010.0,685408.0,689170.0,691716.0,694076.0,697715.0,703694.0,712335.0,723384.0,736476.0,751043.0,766616,783121,800610.0,818750.0,837104.0,855391,873426,891190,908710,926049,943288,960274,976968,993562,1010410,1027657,1045508,1063708,1081568,1098089,1112617,1124837,1135046.0,1143866.0,1152297.0,1160987.0,1170189.0,1179685.0,1189262.0,1198574.0,1207361.0
52,Czech Republic,10242098.0,10292341.0,10304193.0,10300591.0,10314826.0,10323856.0,10330213.0,10337118.0,10342227.0,10347318.0,10355276.0,10361068.0,10333355,10308578,10319123.0,10329855.0,10333587.0,10327253,10315241,10304131,10294373,10283860,10255063,10216605,10196916,10193998,10197101,10211216,10238905,10298828,10384603,10443936,10474410,10496088,10510785.0,10514272.0,10525347.0,10546059.0,10566332.0,10594438.0,10629928.0,10671870.0,10698896.0
53,Denmark,5104248.0,5116801.0,5123027.0,5121572.0,5117810.0,5114297.0,5111619.0,5113691.0,5120534.0,5127024.0,5129516.0,5132594.0,5140939,5154298,5171370.0,5188628.0,5206180.0,5233373,5263074,5284991,5304219,5321799,5339616,5358783,5375931,5390574,5404523,5419432,5437272,5461438,5493621,5523095,5547683,5570572,5591572.0,5614932.0,5643475.0,5683483.0,5728010.0,5764980.0,5793636.0,5814422.0,5831404.0
54,Djibouti,308008.0,336080.0,358960.0,374934.0,385268.0,393800.0,406018.0,425608.0,454359.0,490337.0,528993.0,563855.0,590393,606843,615050.0,618504.0,622364.0,630385,643649,660858,680465,699973,717577,733019,746947,759639,771599,783248,794554,805456,816361,827820,840194,853671,868136.0,883296.0,898707.0,913998.0,929117.0,944100.0,958923.0,973557.0,988002.0
55,Dominica,74280.0,74960.0,75318.0,75314.0,75012.0,74484.0,73846.0,73207.0,72531.0,71842.0,71212.0,70722.0,70422,70377,70546.0,70818.0,71044.0,71105,70933,70592,70183,69828,69650,69671,69840,70102,70387,70580,70718,70797,70829,70848,70877,70912,70954.0,71019.0,71091.0,71175.0,71307.0,71460.0,71626.0,71808.0,71991.0
56,Dominican Republic,5539596.0,5671801.0,5803929.0,5935895.0,6067769.0,6199657.0,6331760.0,6464229.0,6596967.0,6729930.0,6863438.0,6997877.0,7133491,7270413,7408339.0,7546467.0,7683707.0,7819239,7952766,8084407,8214427,8343288,8471317,8598599,8724974,8850317,8974444,9097262,9218681,9338856,9458079,9576736,9695117,9813219,9930916.0,10048226.0,10165182.0,10281675.0,10397738.0,10513111.0,10627147.0,10738957.0,10847904.0
57,Ecuador,7582357.0,7784074.0,7989178.0,8197648.0,8409396.0,8624594.0,8843463.0,9066100.0,9292481.0,9522362.0,9755576.0,9991870.0,10230931,10472476,10716131.0,10961460.0,11207999.0,11455205,11703169,11951457,12198449,12442109,12681123,12914660,13143465,13369678,13596390,13825839,14059379,14296554,14535740,14774412,15011114,15243885,15474099.0,15707473.0,15951832.0,16212022.0,16491116.0,16785356.0,17084359.0,17373657.0,17643060.0
58,"Egypt, Arab Rep.",41275728.0,42267429.0,43309063.0,44400113.0,45539295.0,46728284.0,47968643.0,49258726.0,50602360.0,51991696.0,53399243.0,54788680.0,56134478,57424552,58666812.0,59880656.0,61095804.0,62334025,63601632,64892269,66200259,67515591,68831561,70152662,71485044,72826102,74172073,75523576,76873670,78232124,79636081,81134789,82761244,84529251,86422240.0,88404652.0,90424668.0,92442549.0,94447071.0,96442590.0,98423602.0,100388076.0,102334403.0
59,El Salvador,4426679.0,4511127.0,4591135.0,4666361.0,4737256.0,4804936.0,4871041.0,4936803.0,5002339.0,5067531.0,5133273.0,5200608.0,5270074,5342190,5416327.0,5490478.0,5561916.0,5628602,5689943,5746288,5797764,5844834,5887930,5927001,5962139,5994075,6023801,6052124,6079395,6105810,6131767,6157678,6183877,6210567,6237922.0,6266076.0,6295124.0,6325121.0,6356137.0,6388124.0,6420740.0,6453550.0,6486201.0
60,Equatorial Guinea,239681.0,241977.0,249931.0,264370.0,284638.0,308208.0,331554.0,352116.0,369024.0,382977.0,394973.0,406620.0,419188,432844,447269.0,462637.0,479099.0,496768,515844,536459,558496,581765,606180,631662,658388,686670,716949,749527,784494,821686,860839,901589,943640,986861,1031191.0,1076412.0,1122273.0,1168575.0,1215181.0,1262008.0,1308966.0,1355982.0,1402985.0
61,Eritrea,1636771.0,1683932.0,1733423.0,1784557.0,1836825.0,1890556.0,1946299.0,2003942.0,2064803.0,2127421.0,2185607.0,2231144.0,2258649,2266356,2257593.0,2238631.0,2218436.0,2204227,2196467,2195192,2206439,2237412,2292413,2374721,2481059,2600972,2719809,2826653,2918209,2996540,3062782,3119920,3170437,3213969,32833100.16744186,33222727.869767442,33615931.446511626,34009799.4744186,34406664.64651163,34801284.64186046,35187339.758139536,35563185.948837206,35932727.61860465
62,Estonia,1460188.0,1468333.0,1477219.0,1487666.0,1498414.0,1508745.0,1518617.0,1528781.0,1540190.0,1552221.0,1561900.0,1568131.0,1569174,1561314,1533091.0,1494128.0,1462514.0,1436634,1415594,1399535,1386156,1390244,1396985,1388115,1379350,1370720,1362550,1354775,1346810,1340680,1337090,1334515,1331475,1327439,1322696.0,1317997.0,1314545.0,1315407.0,1315790.0,1317384.0,1321977.0,1326898.0,1331057.0
63,Eswatini,549787.0,568316.0,587852.0,608374.0,629812.0,652112.0,675240.0,699077.0,723599.0,748634.0,773774.0,798498.0,822423,845267,866995.0,887706.0,907622.0,926836,945506,963416,979922,994105,1005432,1013608,1019054,1022796,1026287,1030575,1036095,1042651,1049948,1057462,1064841,1072029,1079285.0,1086843.0,1095022.0,1104038.0,1113994.0,1124808.0,1136274.0,1148133.0,1160164.0
64,Ethiopia,33993301.0,34487806.0,35141703.0,35984531.0,36995246.0,38142679.0,39374346.0,40652146.0,41965696.0,43329238.0,44757205.0,46272308.0,47887864,49609976,51423591.0,53295556.0,55180993.0,57047906,58883531,60697443,62507724,64343008,66224809,68159422,70142090,72170581,74239508,76346310,78489205,80674343,82916236,85233923,87639962,90139928,92726982.0,95385793.0,98094264.0,100835453.0,103603461.0,106399926.0,109224410.0,112078727.0,114963583.0
65,Faroe Islands,42539.0,42941.0,43339.0,43725.0,44101.0,44483.0,44895.0,45328.0,45812.0,46340.0,46833.0,47159.0,47276,47123,46746.0,46277.0,45848.0,45625,45624,45789,46094,46428,46738,46999,47235,47439,47600,47731,47793,47825,47822,47814,47803,47815,47843.0,47901.0,47965.0,48055.0,48173.0,48326.0,48497.0,48677.0,48865.0
66,Fiji,609383.0,621584.0,635312.0,651032.0,668281.0,685497.0,700478.0,711770.0,718642.0,721776.0,722924.0,724602.0,728575,735398,744470.0,754962.0,765607.0,775428,784389,792736,800148,806302,811011,813923,815257,816078,817864,821606,827869,836185,845356,853636,859816,863451,865065.0,865602.0,866447.0,868632.0,872406.0,877460.0,883490.0,889955.0,896444.0
67,Finland,4752528.0,4764690.0,4779535.0,4799964.0,4826933.0,4855787.0,4881803.0,4902206.0,4918154.0,4932123.0,4946481.0,4964371.0,4986431,5013740,5041992.0,5066447.0,5088333.0,5107790,5124573,5139835,5153498,5165474,5176209,5188008,5200598,5213014,5228172,5246096,5266268,5288720,5313399,5338871,5363352,5388272,5413971.0,5438972.0,5461512.0,5479531.0,5495303.0,5508214.0,5515525.0,5521606.0,5530719.0
68,France,54691866.0,54917110.0,55161510.0,55430278.0,55718940.0,56023775.0,56337675.0,56654703.0,56976126.0,57302642.0,57627106.0,57940199.0,58235716,58559309,58851216.0,59106758.0,59327200.0,59541904,59753095,59964841,60186284,60496708,60912500,61357432,61805266,62244880,62704901,63179356,63621376,64016227,64374979,64707035,65027505,65342789,65659814.0,65998685.0,66312067.0,66548272.0,66724104.0,66918020.0,67101930.0,67248926.0,67391582.0
69,French Polynesia,144273.0,148734.0,153298.0,157954.0,162679.0,167456.0,172249.0,177024.0,181807.0,186588.0,191260.0,195728.0,199906,203716,207238.0,210644.0,214196.0,218064,222323,226854,231562,236217,240681,244929,248976,252707,255995,258780,261007,262717,264064,265256,266449,267702,268995.0,270332.0,271713.0,273119.0,274576.0,276108.0,277673.0,279285.0,280904.0
70,Gabon,692078.0,708788.0,726335.0,744695.0,763932.0,784056.0,805117.0,827107.0,850052.0,873871.0,898472.0,923714.0,949493,975785,1002573.0,1029769.0,1057252.0,1084951,1112944,1141332,1170061,1199058,1228359,1258008,1288310,1319946,1353788,1390550,1430144,1472565,1518538,1568925,1624146,1684629,1749677.0,1817070.0,1883801.0,1947690.0,2007882.0,2064812.0,2119275.0,2172578.0,2225728.0
71,"Gambia, The",596540.0,616770.0,637252.0,657581.0,678111.0,700198.0,725688.0,755791.0,791141.0,831011.0,873440.0,915631.0,955595,992671,1027476.0,1060861.0,1094219.0,1128577,1164091,1200522,1238124,1277118,1317708,1360070,1404263,1449925,1496524,1543745,1591444,1639846,1689288,1740277,1793199,1848142,1905020.0,1963708.0,2024037.0,2085860.0,2149134.0,2213900.0,2280092.0,2347696.0,2416664.0
72,Georgia,4397700.0,4430200.0,4467700.0,4504500.0,4542800.0,4582900.0,4622200.0,4662900.0,4704500.0,4743500.0,4790700.0,4803300.0,4802000,4835900,4873500.0,4911100.0,4836076.0,4657722,4491699,4349913,4243607,4157192,4077131,4014373,3978515,3951736,3927340,3902469,3880347,3860158,3848449,3814419,3786695,3756441,3728874.0,3717668.0,3719414.0,3725276.0,3727505.0,3728004.0,3726549.0,3720161.0,3714000.0
73,Germany,78091820.0,78126350.0,78288576.0,78407907.0,78333366.0,78128282.0,77858685.0,77684873.0,77720436.0,77839920.0,78144619.0,78751283.0,79433029,80013896,80624598.0,81156363.0,81438348.0,81678051,81914831,82034771,82047195,82100243,82211508,82349925,82488495,82534176,82516260,82469422,82376451,82266372,82110097,81902307,81776930,80274983,80425823.0,80645605.0,80982500.0,81686611.0,82348669.0,82657002.0,82905782.0,83092962.0,83240525.0
74,Ghana,10590265.0,10805318.0,11056112.0,11348287.0,11676828.0,12033559.0,12405659.0,12783617.0,13164839.0,13552021.0,13947047.0,14353409.0,14773274,15207360,15653345.0,16106756.0,16561677.0,17014058,17462504,17908977,18357159,18812369,19278850,19756929,20246376,20750308,21272328,21814648,22379057,22963946,23563832,24170943,24779614,25387713,25996454.0,26607641.0,27224480.0,27849203.0,28481947.0,29121464.0,29767108.0,30417858.0,31072945.0
75,Gibraltar,30224.0,30172.0,30068.0,29902.0,29698.0,29481.0,29284.0,29151.0,29096.0,29114.0,29164.0,29187.0,29149,29021,28844.0,28680.0,28605.0,28688,28970,29404,29945,30526,31081,31604,32097,32556,32930,33222,33420,33524,33570,33562,33585,33608,33653.0,33694.0,33726.0,33742.0,33738.0,33723.0,33715.0,33706.0,33691.0
76,Greece,9429959.0,9548258.0,9642505.0,9729350.0,9789513.0,9846627.0,9895801.0,9934300.0,9967213.0,10000595.0,10036983.0,10089498.0,10196792,10319927,10399061.0,10460415.0,10512922.0,10562153,10608800,10661259,10720509,10761698,10805808,10862132,10902022,10928070,10955141,10987314,11020362,11048473,11077841,11107017,11121341,11104899,11045011.0,10965211.0,10892413.0,10820883.0,10775971.0,10754679.0,10732882.0,10721582.0,10715549.0
77,Greenland,49200.0,49600.0,50200.0,51000.0,51500.0,52100.0,52700.0,53200.0,53500.0,54100.0,54800.0,55300.0,55600,55500,55300.0,55200.0,55500.0,55800,55900,56000,56100,56100,56200,56350,56609,56765,56911,56935,56774,56555,56328,56323,56905,56890,56810.0,56483.0,56295.0,56114.0,56186.0,56172.0,56023.0,56225.0,56367.0
78,Grenada,89104.0,88603.0,89032.0,90610.0,93132.0,96020.0,98472.0,99953.0,100183.0,99425.0,98126.0,96932.0,96328,96462,97161.0,98234.0,99345.0,100286,101003,101567,102023,102429,102837,103242,103636,104003,104346,104658,104938,105183,105457,105787,106227,106786,107452.0,108172.0,108900.0,109603.0,110263.0,110874.0,111449.0,112002.0,112519.0
79,Guam,99629.0,101837.0,104134.0,106482.0,108901.0,111403.0,113953.0,116576.0,119228.0,121923.0,124674.0,127525.0,130480,133553,136693.0,139813.0,142806.0,145559,148061,150303,152274,153955,155323,156395,157173,157723,158094,158406,158649,158848,159037,159232,159439,159690,159990.0,160415.0,161007.0,161851.0,162948.0,164281.0,165770.0,167295.0,168783.0
80,Guatemala,6561919.0,6720582.0,6890346.0,7071186.0,7262658.0,7462585.0,7669863.0,7884034.0,8104921.0,8332446.0,8566331.0,8805995.0,9050115,9296814,9544055.0,9790619.0,10037522.0,10286786,10536942,10788362,11046215,11311078,11589761,11871565,12147518,12415334,12682108,12948292,13213330,13477017,13739299,14000190,14259687,14521515,14781942.0,15043981.0,15306316.0,15567419.0,15827690.0,16087418.0,16346950.0,16604026.0,16858333.0
81,Guinea,4702371.0,4782491.0,4871446.0,4969595.0,5077073.0,5195443.0,5326369.0,5470716.0,5629420.0,5801323.0,5982484.0,6167480.0,6352282,6534936,6716032.0,6897171.0,7081119.0,7269631,7463782,7662071,7860772,8054745,8240735,8417082,8586077,8753097,8925729,9109585,9307421,9518159,9738796,9964470,10192168,10420459,10652032.0,10892821.0,11150970.0,11432096.0,11738434.0,12067516.0,12414292.0,12771246.0,13132792.0
82,Guinea-Bissau,772137.0,774726.0,781678.0,793804.0,810402.0,830212.0,851276.0,872163.0,892530.0,912755.0,933046.0,953782.0,975265,997522,1020353.0,1043421.0,1066345.0,1088850,1110835,1132505,1154372,1177133,1201305,1227105,1254454,1283297,1313492,1344931,1377582,1411545,1446936,1483920,1522603,1562996,1604981.0,1648259.0,1692433.0,1737207.0,1782434.0,1828146.0,1874304.0,1920917.0,1967998.0
83,Guyana,770128.0,776257.0,780153.0,781734.0,781249.0,778953.0,775217.0,770439.0,764447.0,757451.0,750641.0,745581.0,743306,744477,748596.0,754141.0,758896.0,761298,760801,757975,753778,749676,746718,745206,744789,745142,745737,746156,746335,746477,746815,747718,749430,752029,755388.0,759281.0,763371.0,767433.0,771363.0,775218.0,779007.0,782775.0,786559.0
84,Haiti,5404020.0,5520187.0,5643175.0,5773367.0,5910223.0,6051617.0,6194686.0,6337275.0,6478537.0,6618742.0,6758222.0,6897755.0,7037915,7178611,7319491.0,7460684.0,7602318.0,7744509,7887312,8030721,8174680,8319070,8463802,8608810,8754148,8900108,9047082,9195289,9344784,9495336,9646570,9798046,9949318,10100320,10250922.0,10400672.0,10549007.0,10695540.0,10839976.0,10982367.0,11123183.0,11263079.0,11402533.0
85,Honduras,3458102.0,3566661.0,3678274.0,3792922.0,3910642.0,4031333.0,4154864.0,4281167.0,4410270.0,4542218.0,4677023.0,4814696.0,4955302,5098594,5244677.0,5394416.0,5548969.0,5709010,5874814,6045704,6220405,6397140,6574510,6751912,6929267,7106323,7282953,7458982,7634295,7808520,7980955,8150780,8317467,8480670,8640692.0,8798524.0,8955579.0,9112904.0,9270794.0,9429016.0,9587523.0,9746115.0,9904608.0
86,"Hong Kong SAR, China",4667500.0,4929700.0,5063100.0,5183400.0,5264500.0,5345100.0,5397900.0,5456200.0,5524600.0,5580500.0,5627600.0,5686200.0,5704500,5752000,5800500.0,5901000.0,6035400.0,6156100,6435500,6489300,6543700,6606500,6665000,6714300,6744100,6730800,6783500,6813200,6857100,6916300,6957800,6972800,7024200,7071600,7150100.0,7178900.0,7229500.0,7291300.0,7336600.0,7391700.0,7451000.0,7507400.0,7481800.0
87,Hungary,10684822.0,10704152.0,10711122.0,10711848.0,10705535.0,10689463.0,10668095.0,10648713.0,10630564.0,10612741.0,10596487.0,10481719.0,10373988,10373400,10369341.0,10357523.0,10343355.0,10328965,10311238,10290486,10266570,10237530,10210971,10187576,10158608,10129552,10107146,10087065,10071370,10055780,10038188,10022650,10000023,9971727,9920362.0,9893082.0,9866468.0,9843028.0,9814023.0,9787966.0,9775564.0,9771141.0,9749763.0
88,Iceland,223537.0,225735.0,228138.0,230755.0,233860.0,236977.0,239511.0,241405.0,243180.0,245859.0,249740.0,252852.0,254826,257797,261057.0,263725.0,266021.0,267468,268916,271128,274047,277381,281205,284968,287523,289521,292074,296734,303782,311566,317414,318499,318041,319014,320716.0,323764.0,327386.0,330815.0,335439.0,343400.0,352721.0,360563.0,366425.0
89,India,667499815.0,682995348.0,698952837.0,715384997.0,732239498.0,749428958.0,766833411.0,784360012.0,801975250.0,819682095.0,837468938.0,855334675.0,873277799,891273202,909307018.0,927403866.0,945601828.0,963922586,982365248,1000900028,1019483586,1038058154,1056575548,1075000094,1093317187,1111523146,1129623466,1147609924,1165486291,1183209471,1200669762,1217726217,1234281163,1250287939,1265780243.0,1280842119.0,1295600768.0,1310152392.0,1324517250.0,1338676779.0,1352642283.0,1366417756.0,1380004385.0
90,Indonesia,140621731.0,144009844.0,147447834.0,150938222.0,154468235.0,158009248.0,161523353.0,164982452.0,168374287.0,171702756.0,174975953.0,178209147.0,181413398,184591897,187739786.0,190851184.0,193917458.0,196934257,199901231,202826444,205724597,208615171,211513822,214427419,217357790,220309473,223285666,226289468,229318262,232374239,235469755,238620554,241834226,245115988,248451714.0,251805314.0,255128076.0,258383257.0,261556386.0,264650969.0,267670549.0,270625567.0,273523621.0
91,"Iran, Islamic Rep.",35960811.0,37237145.0,38650244.0,40199911.0,41869231.0,43636838.0,45472792.0,47347197.0,49260263.0,51193782.0,53077312.0,54822005.0,56366212,57679025,58780376.0,59723761.0,60590608.0,61442658,62294919,63136309,63971836,64800875,65623397,66449111,67284801,68122947,68951279,69762345,70554756,71336476,72120608,72924833,73762519,74634959,75539881.0,76481963.0,77465769.0,78492208.0,79563991.0,80673888.0,81800204.0,82913893.0,83992953.0
92,Iraq,12860678.0,13259107.0,13653348.0,14044115.0,14432466.0,14815653.0,15190396.0,15555807.0,15909764.0,16257072.0,16612319.0,16994942.0,17419113,17889457,18402740.0,18955087.0,19539348.0,20149342,20783073,21439579,22114330,22802061,23497589,24208178,24931922,25644503,26313838,26922279,27448124,27911242,28385739,28973157,29741977,30725305,31890012.0,33157061.0,34411949.0,35572269.0,36610632.0,37552789.0,38433604.0,39309789.0,40222503.0
93,Ireland,3329100.0,3373750.0,3412800.0,3453000.0,3485800.0,3510600.0,3532423.0,3538082.0,3539690.0,3540057.0,3524949.0,3511009.0,3513974,3534235,3558430.0,3576261.0,3590386.0,3608841,3637510,3674171,3712696,3754786,3805174,3866243,3931947,3996521,4070262,4159914,4273591,4398942,4489544,4535375,4560155,4580084,4599533.0,4623816.0,4657740.0,4701957.0,4755335.0,4807388.0,4867316.0,4934340.0,4994724.0
94,Isle of Man,62260.0,63026.0,63546.0,63778.0,63765.0,63697.0,63812.0,64277.0,65200.0,66476.0,67927.0,69263.0,70292,70928,71262.0,71431.0,71662.0,72133,72884,73851,74936,75996,76942,77707,78318,78878,79515,80293,81283,82406,83515,84379,84856,84889,84534.0,83985.0,83488.0,83232.0,83296.0,83610.0,84073.0,84589.0,85032.0
95,Israel,3690000.0,3786000.0,3878000.0,3956000.0,4031000.0,4105000.0,4159000.0,4233000.0,4299000.0,4369000.0,4442000.0,4518000.0,4660000,4949000,5123000.0,5261000.0,5399000.0,5545000,5692000,5836000,5971000,6125000,6289000,6439000,6570000,6689700,6809000,6930100,7053700,7180100,7308800,7485600,7623600,7765800,7910500.0,8059500.0,8215700.0,8380100.0,8546000.0,8713300.0,8882800.0,9054000.0,9216900.0
96,Italy,56155143.0,56317749.0,56433883.0,56501675.0,56543548.0,56564074.0,56576718.0,56593071.0,56596155.0,56601931.0,56629288.0,56671781.0,56719240,56758521,56797087.0,56831821.0,56843400.0,56844303,56860281,56890372,56906744,56916317,56942108,56974100,57059007,57313203,57685327,57969484,58143979,58438310,58826731,59095365,59277417,59379449,59539717.0,60233948.0,60789140.0,60730582.0,60627498.0,60536709.0,60421760.0,59729081.0,59554023.0
97,Jamaica,2105903.0,2132784.0,2162839.0,2196921.0,2234062.0,2271735.0,2306367.0,2335510.0,2358165.0,2375400.0,2389415.0,2403464.0,2419901,2439329,2461047.0,2484583.0,2509042.0,2533705,2558631,2583914,2608874,2632677,2654698,2674706,2692843,2709438,2725017,2740000,2754414,2768229,2781869,2795839,2810464,2825932,2842128.0,2858710.0,2875137.0,2891024.0,2906242.0,2920848.0,2934853.0,2948277.0,2961161.0
98,Japan,114913000.0,115890000.0,116807000.0,117661000.0,118480000.0,119307000.0,120083000.0,120837000.0,121482000.0,122069000.0,122578000.0,123069000.0,123478000,123964000,124425000.0,124829000.0,125178000.0,125472000,125757000,126057000,126400000,126631000,126843000,127149000,127445000,127718000,127761000,127773000,127854000,128001000,128063000,128047000,128070000,127833000,127629000.0,127445000.0,127276000.0,127141000.0,126994511.0,126785797.0,126529100.0,126264931.0,125836021.0
99,Jordan,2237936.0,2303116.0,2377997.0,2464870.0,2563525.0,2671413.0,2784457.0,2900055.0,3015294.0,3131800.0,3256552.0,3399333.0,3565888,3760493,3977667.0,4201559.0,4410357.0,4588842,4732848,4848536,4943975,5031754,5122495,5217328,5317514,5434036,5580241,5765639,5991547,6255290,6556473,6893258,7261541,7662858,8089963.0,8518992.0,8918822.0,9266573.0,9554286.0,9785840.0,9965322.0,10101697.0,10203140.0
100,Kazakhstan,14499957.0,14643133.0,14796175.0,14958897.0,15128090.0,15303316.0,15483411.0,15665594.0,15852524.0,16039253.0,16205998.0,16249500.0,16348000,16451711,16439095.0,16380672.0,16145766.0,15816243,15578227,15334405,15071640,14928374,14883626,14858335,14858948,14909019,15012984,15147029,15308085,15484192,15776938,16092822,16321872,16557202,16792090.0,17035551.0,17288285.0,17542806.0,17794055.0,18037776.0,18276452.0,18513673.0,18754440.0
101,Kenya,15205381.0,15797771.0,16417203.0,17063870.0,17736326.0,18431760.0,19146403.0,19877078.0,20622560.0,21382111.0,22153685.0,22935088.0,23724574,24521714,25326080.0,26136217.0,26950508.0,27768297,28589456,29415660,30250488,31098763,31964557,32848569,33751746,34678781,35635267,36624897,37649039,38705934,39791984,40901798,42030684,43178270,44343469.0,45519986.0,46700063.0,47878339.0,49051531.0,50221146.0,51392570.0,52573967.0,53771300.0
102,Kiribati,57613.0,58469.0,59296.0,60101.0,60887.0,61736.0,62745.0,63989.0,65504.0,67244.0,69087.0,70849.0,72394,73692,74767.0,75711.0,76668.0,77716,78904,80188,81558,82969,84405,85844,87308,88840,90498,92319,94341,96531,98760,100928,102930,104735,106359.0,107887.0,109387.0,110927.0,112529.0,114153.0,115842.0,117608.0,119446.0
103,"Korea, Dem. People's Rep.",17015984.0,17235668.0,17472144.0,17731229.0,18008568.0,18298212.0,18590142.0,18877226.0,19156791.0,19431992.0,19708316.0,19993757.0,20293057,20609151,20937407.0,21265832.0,21577979.0,21862300,22113428,22335263,22536754,22731470,22929078,23132982,23339453,23542434,23732740,23904167,24054866,24188330,24310143,24428340,24548840,24673392,24800638.0,24929500.0,25057793.0,25183832.0,25307665.0,25429816.0,25549606.0,25666158.0,25778815.0
104,"Korea, Rep.",36969185.0,37534236.0,38123775.0,38723248.0,39326352.0,39910403.0,40405956.0,40805744.0,41213674.0,41621690.0,42031247.0,42449038.0,42869283,43295704,43747962.0,44194628.0,44641540.0,45092991,45524681,45953580,46286503,46616677,47008111,47370164,47644736,47892330,48082519,48184561,48438292,48683638,49054708,49307835,49554112,49936638,50199853.0,50428893.0,50746659.0,51014947.0,51217803.0,51361911.0,51606633.0,51709098.0,51780579.0
105,Kosovo,1460000.0,1491000.0,1521000.0,1552000.0,1582000.0,1614000.0,1647000.0,1682000.0,1717000.0,1753000.0,1791000.0,1827000.0,1862000,1898000,1932000.0,1965000.0,1997000.0,2029000,2059000,2086000,1966000,1762000,1700000,1701154,1702310,1703466,1704622,1705780,1719536,1733404,1747383,1761474,1775680,1791000,1807106.0,1818117.0,1812771.0,1788196.0,1777557.0,1791003.0,1797085.0,1788878.0,1775378.0
106,Kuwait,1224063.0,1296077.0,1368680.0,1439334.0,1507636.0,1576975.0,1652150.0,1735278.0,1832302.0,1938916.0,2034850.0,2092786.0,2095350,2031297,25263949.30232558,25659857.325581394,26050537.855813954,1605907,1626858,1710257,1831121,1951642,2045123,2103273,2136991,2161626,2200498,2270196,2373661,2504026,2656010,2821041,2991884,3168054,3348852.0,3526382.0,3690939.0,3835588.0,3956862.0,4056102.0,4137314.0,4207077.0,4270563.0
107,Kyrgyz Republic,3487100.0,3552000.0,3617400.0,3685800.0,3759300.0,3838300.0,3916400.0,3990300.0,4066500.0,4144600.0,4218400.0,4307500.0,4391200,4463600,4515400.0,4516700.0,4515100.0,4560400,4628400,4696400,4769000,4840400,4898400,4945100,4990700,5043300,5104700,5162600,5218400,5268400,5318700,5383300,5447900,5514600,5607200.0,5719600.0,5835500.0,5956900.0,6079500.0,6198200.0,6322800.0,6456200.0,6591600.0
108,Lao PDR,3168838.0,3207331.0,3258149.0,3323353.0,3401193.0,3489910.0,3586315.0,3687889.0,3794204.0,3905530.0,4020817.0,4138845.0,4258471,4379234,4500346.0,4619946.0,4735837.0,4846477,4951189,5050308,5144601,5235339,5323701,5409584,5493247,5576640,5662199,5751675,5846075,5944950,6046630,6148621,6249168,6347564,6444527.0,6541302.0,6639763.0,6741160.0,6845848.0,6953031.0,7061498.0,7169456.0,7275556.0
109,Latvia,2497921.0,2505953.0,2511701.0,2519421.0,2531080.0,2546011.0,2562047.0,2578873.0,2599892.0,2626583.0,2653434.0,2666955.0,2663151,2650581,2614338.0,2563290.0,2520742.0,2485056,2457222,2432851,2410019,2390482,2367550,2337170,2310173,2287955,2263122,2238799,2218357,2200325,2177322,2141669,2097555,2059709,2034319.0,2012647.0,1993782.0,1977527.0,1959537.0,1942248.0,1927174.0,1913822.0,1901548.0
110,Lebanon,2597202.0,2590911.0,2588928.0,2594299.0,2606148.0,2622072.0,2638056.0,2651992.0,2660873.0,2667957.0,2684682.0,2726438.0,2803032,2921700,3076133.0,3246129.0,3403359.0,3528379,3610663,3658425,3693514,3747762,3842774,3990999,4182205,4388378,4569377,4698761,4759760,4767347,4764745,4813026,4953064,5202022,5537620.0,5913016.0,6261046.0,6532681.0,6714281.0,6819373.0,6859408.0,6855709.0,6825442.0
111,Lesotho,1265211.0,1302670.0,1340258.0,1377808.0,1415362.0,1452727.0,1489685.0,1526132.0,1561687.0,1596395.0,1630993.0,1666564.0,1703757,1742534,1782284.0,1822237.0,1861323.0,1898598,1934294,1968054,1997524,2019732,2032805,2035738,2029832,2018355,2005953,1996115,1989933,1986926,1987130,1990135,1995575,2003793,2014988.0,2028528.0,2043448.0,2059011.0,2075041.0,2091532.0,2108327.0,2125267.0,2142252.0
112,Liberia,1740919.0,1794251.0,1852991.0,1918832.0,1989477.0,2057232.0,2111667.0,2145756.0,2158434.0,2153312.0,2134105.0,2106429.0,2075917,2040141,2001612.0,1976701.0,1986491.0,2044657,2160480,2326210,2517472,2699708,2848447,2953928,3024727,3077055,3135654,3218114,3329211,3461911,3607863,3754129,3891357,4017446,4135662.0,4248337.0,4359508.0,4472229.0,4586788.0,4702224.0,4818976.0,4937374.0,5057677.0
113,Libya,2979102.0,3096724.0,3219462.0,3347779.0,3480443.0,3614682.0,3746712.0,3873781.0,3994601.0,4109717.0,4220451.0,4328935.0,4436663,4544245,4650896.0,4755134.0,4854871.0,4948796,5036173,5118008,5196774,5275921,5357893,5443249,5531097,5620545,5710163,5798615,5886874,5974786,6058740,6133987,6197667,6247438,6285751.0,6320350.0,6362039.0,6418315.0,6492160.0,6580723.0,6678565.0,6777453.0,6871287.0
114,Liechtenstein,24968.0,25463.0,25881.0,26229.0,26533.0,26790.0,27028.0,27286.0,27552.0,27835.0,28135.0,28449.0,28790,29166,29552.0,29987.0,30415.0,30884,31354,31830,32306,32765,33184,33543,33885,34172,34444,34718,34975,35217,35469,35723,35996,36299,36615.0,36940.0,37219.0,37465.0,37655.0,37805.0,37918.0,38020.0,38137.0
115,Lithuania,3379514.0,3397842.0,3413202.0,3432947.0,3457179.0,3485192.0,3514205.0,3544543.0,3578914.0,3616367.0,3655049.0,3684255.0,3697838,3704134,3700114.0,3682613.0,3657144.0,3629102,3601613,3575137,3549331,3524238,3499536,3470818,3443067,3415213,3377075,3322528,3269909,3231294,3198231,3162916,3097282,3028115,2987773.0,2957689.0,2932367.0,2904910.0,2868231.0,2828403.0,2801543.0,2794137.0,2794700.0
116,Luxembourg,362007.0,362856.0,364150.0,365225.0,365525.0,365622.0,365998.0,366706.0,368355.0,370750.0,373450.0,377100.0,381850,387000,392175.0,397475.0,402925.0,408625,414225,419450,424700,430475,436300,441525,446175,451630,458095,465158,472637,479993,488650,497783,506953,518347,530946.0,543360.0,556319.0,569604.0,582014.0,596336.0,607950.0,620001.0,632275.0
117,"Macao SAR, China",235175.0,235440.0,238085.0,243373.0,251154.0,260921.0,271914.0,283490.0,295597.0,308181.0,320774.0,332783.0,343816,353623,362308.0,370195.0,377805.0,385517,393376,401353,409620,418388,427772,437928,448813,460157,471600,482863,493804,504504,515232,526401,538215,550833,564037.0,577368.0,590210.0,602093.0,612824.0,622578.0,631633.0,640446.0,649342.0
118,Madagascar,8230214.0,8469677.0,8716549.0,8971339.0,9234137.0,9504283.0,9780869.0,10063493.0,10352117.0,10647753.0,10952396.0,11268653.0,11598647,11942809,12301338.0,12675469.0,13066544.0,13475403,13902697,14347860,14808791,15282524,15766806,16260933,16765122,17279139,17802992,18336722,18880265,19433520,19996476,20569115,21151640,21743970,22346641.0,22961259.0,23589897.0,24234080.0,24894370.0,25570511.0,26262313.0,26969306.0,27691019.0
119,Malawi,5896864.0,6075485.0,6250434.0,6412380.0,6565985.0,6737924.0,6964613.0,7268271.0,7666390.0,8141140.0,8636686.0,9075568.0,9404499,9600361,9685974.0,9710335.0,9745695.0,9844418,10022783,10264906,10552345,10854325,11148751,11432001,11713663,12000183,12301837,12625950,12973693,13341808,13727899,14128161,14539609,14962118,15396010.0,15839287.0,16289550.0,16745305.0,17205253.0,17670193.0,18143215.0,18628749.0,19129955.0
120,Malaysia,13122833.0,13460035.0,13798094.0,14134060.0,14471215.0,14819430.0,15192300.0,15598924.0,16043736.0,16522004.0,17022470.0,17528961.0,18029824,18519941,19002660.0,19484901.0,19977508.0,20487604,21017619,21562790,22114647,22661293,23194252,23709115,24208391,24698821,25190647,25690615,26201954,26720367,27236003,27735038,28208028,28650962,29068189.0,29468923.0,29866606.0,30270965.0,30684652.0,31104655.0,31528033.0,31949789.0,32365998.0
121,Maldives,148774.0,153276.0,158271.0,163821.0,169849.0,176255.0,182848.0,189540.0,196262.0,203024.0,209787.0,216502.0,223159,229743,236271.0,242596.0,248582.0,254144,259178,263836,268445,273522,279396,286309,294185,302681,311265,319604,327489,335172,343448,353391,365730,380493,397231.0,415592.0,435018.0,454914.0,475505.0,496398.0,515704.0,530957.0,540542.0
122,Mali,6831090.0,6956409.0,7090124.0,7234725.0,7388670.0,7545163.0,7694857.0,7831888.0,7952863.0,8062216.0,8171525.0,8296919.0,8449915,8635528,8850334.0,9087173.0,9334893.0,9585660,9837575,10094363,10360564,10642937,10946448,11271603,11616890,11982692,12369078,12775509,13203378,13651455,14113578,14581427,15049352,15514593,15979492.0,16449854.0,16934213.0,17438772.0,17965448.0,18512429.0,19077755.0,19658023.0,20250834.0
123,Malta,310182.0,313342.0,316645.0,318982.0,325898.0,330524.0,330593.0,336452.0,342121.0,344485.0,347325.0,350722.0,354170,363845,367618.0,371308.0,374797.0,377419,379905,382791,385287,387578,390087,393028,395969,398582,401268,403834,405308,406724,409379,412477,414508,416268,420028.0,425967.0,434558.0,445053.0,455356.0,467999.0,484630.0,504062.0,525285.0
124,Marshall Islands,28400.0,29417.0,30574.0,31883.0,33330.0,34881.0,36564.0,38331.0,40212.0,42168.0,44092.0,45827.0,47265,48403,49242.0,49828.0,50214.0,50454,50523,50453,50356,50418,50754,51411,52368,53465,54476,55257,55765,56046,56166,56255,56361,56524,56712.0,56933.0,57183.0,57444.0,57723.0,58053.0,58412.0,58791.0,59194.0
125,Mauritania,1453028.0,1496174.0,1540644.0,1586496.0,1633655.0,1681859.0,1730737.0,1780033.0,1829678.0,1879756.0,1930427.0,1981902.0,2034347,2087914,2142645.0,2198538.0,2255520.0,2313630,2372900,2433567,2496217,2561584,2630217,2702405,2778097,2857150,2939246,3024198,3111908,3202512,3296237,3393408,3494200,3598646,3706555.0,3817497.0,3930894.0,4046304.0,4163532.0,4282582.0,4403312.0,4525698.0,4649660.0
126,Mauritius,933499.0,949888.0,966039.0,980462.0,992521.0,1001691.0,1012221.0,1020528.0,1028360.0,1036082.0,1043239.0,1051260.0,1058775,1070266,1084441.0,1097374.0,1112846.0,1122457,1133996,1148284,1160421,1175267,1186873,1196287,1204621,1213370,1221003,1228254,1233996,1239630,1244121,1247429,1250400,1252404,1255882.0,1258653.0,1260934.0,1262605.0,1263473.0,1264613.0,1265303.0,1265711.0,1265740.0
127,Mexico,64494872.0,66123908.0,67761367.0,69407623.0,71058650.0,72709306.0,74352631.0,75983486.0,77599105.0,79200081.0,80788725.0,82368930.0,83943135,85512621,87075136.0,88625440.0,90156396.0,91663290,93147045,94611008,96056313,97484823,98899845,100298152,101684764,103081020,104514934,106005199,107560155,109170503,110815272,112463886,114092961,115695468,117274156.0,118827158.0,120355137.0,121858251.0,123333379.0,124777326.0,126190782.0,127575529.0,128932753.0
128,"Micronesia, Fed. Sts.",68196.0,70515.0,72936.0,75422.0,78015.0,80630.0,83192.0,85641.0,87904.0,89985.0,91984.0,94062.0,96304,98779,101386.0,103901.0,106030.0,107535,108311,108473,108206,107769,107405,107170,107027,106902,106624,106135,105374,104442,103549,102971,102916,103448,104506.0,105922.0,107444.0,108886.0,110215.0,111461.0,112640.0,113811.0,115021.0
129,Moldova,2682309.0,2703999.0,2728099.0,2754609.0,2782725.0,2811645.0,2840565.0,2867878.0,2893584.0,2918487.0,2940177.0,2957047.0,2969097,2975523,2977130.0,2973114.0,2964277.0,2952307,2946401,2935524,2934339,2929735,2923783,2917252,2910504,2902320,2895147,2888111,2880095,2873429,2867964,2864346,2861487,2859833,2859458.0,2858692.0,2856950.0,2834530.0,2802170.0,2755158.0,2708214.0,2663251.0,2617820.0
130,Monaco,26090.0,26391.0,26752.0,27162.0,27633.0,28091.0,28511.0,28836.0,29050.0,29156.0,29232.0,29309.0,29433,29629,29859.0,30145.0,30436.0,30731,31001,31268,31554,31836,32148,32474,32804,33144,33499,33842,34189,34524,34860,35223,35609,36025,36459.0,36899.0,37320.0,37723.0,38070.0,38392.0,38682.0,38967.0,39244.0
131,Mongolia,1603910.0,1646290.0,1689622.0,1733475.0,1777727.0,1823214.0,1871089.0,1921889.0,1976313.0,2033351.0,2089709.0,2141005.0,2184139,2217918,2243495.0,2263196.0,2280475.0,2298017,2316571,2335744,2355667,2376228,2397417,2419594,2443261,2468765,2496394,2526429,2558854,2593819,2631899,2673794,2719902,2770357,2824698.0,2881783.0,2940111.0,2998433.0,3056358.0,3113788.0,3170214.0,3225166.0,3278292.0
132,Montenegro,562065.0,566888.0,572608.0,579445.0,587001.0,594506.0,600884.0,605398.0,607711.0,608144.0,607413.0,606571.0,606372,607105,608516.0,610170.0,611389.0,611712,611003,609520,607662,606001,604950,607389,609828,612267,613353,614261,615025,615875,616969,618294,619428,620079,620601.0,621207.0,621810.0,622159.0,622303.0,622373.0,622227.0,622028.0,621718.0
133,Morocco,19059773.0,19516942.0,19990006.0,20479709.0,20984023.0,21495088.0,22002641.0,22499111.0,22980334.0,23447256.0,23903592.0,24355624.0,24807461,25260407,25711410.0,26155204.0,26584473.0,26994255,27383472,27754573,28110447,28455504,28793672,29126323,29454765,29782884,30115196,30455563,30804689,31163670,31536807,31929087,32343384,32781860,33241898.0,33715705.0,34192358.0,34663608.0,35126274.0,35581257.0,36029089.0,36471766.0,36910558.0
134,Mozambique,11041206.0,11341405.0,11630194.0,11913085.0,12189817.0,12439773.0,12636120.0,12764385.0,12808566.0,12786353.0,12758003.0,12805950.0,12987292,13328029,13805999.0,14370950.0,14948050.0,15483277,15960445,16397175,16813946,17244176,17711925,18221884,18764147,19331097,19910549,20493927,21080108,21673319,22276596,22894718,23531567,24187500,24862673.0,25560752.0,26286192.0,27042001.0,27829930.0,28649007.0,29496009.0,30366043.0,31255435.0
135,Myanmar,32748782.0,33481397.0,34224316.0,34976465.0,35734273.0,36491804.0,37241530.0,37977087.0,38698484.0,39404350.0,40085653.0,40731439.0,41335188,41890192,42401686.0,42889992.0,43383421.0,43901598,44452203,45027223,45611220,46181075,46719698,47225119,47702163,48148907,48564489,48949931,49301049,49621479,49929642,50250366,50600827,50990612,51413703.0,51852464.0,52280816.0,52680724.0,53045199.0,53382521.0,53708318.0,54045422.0,54409794.0
136,Namibia,1014055.0,1035379.0,1057723.0,1080938.0,1105103.0,1131624.0,1162282.0,1198149.0,1239923.0,1286796.0,1336545.0,1386011.0,1432899,1476399,1516951.0,1555098.0,1591826.0,1627866,1663378,1698029,1731635,1763861,1794583,1823667,1851519,1879113,1907737,1938316,1971318,2006516,2043382,2081039,2118877,2156698,2194777.0,2233506.0,2273426.0,2314901.0,2358044.0,2402623.0,2448300.0,2494524.0,2540916.0
137,Nauru,7505.0,7626.0,7751.0,7871.0,8016.0,8163.0,8331.0,8501.0,8679.0,8868.0,9058.0,9275.0,9506,9766,10030.0,10287.0,10496.0,10626,10677,10643,10567,10449,10335,10219,10102,9990,9906,9848,9827,9846,9880,9945,10009,10069,10136.0,10208.0,10289.0,10374.0,10474.0,10577.0,10678.0,10764.0,10834.0
138,Nepal,14347653.0,14676932.0,15016408.0,15367229.0,15729431.0,16100623.0,16477488.0,16858315.0,17239677.0,17623697.0,18020755.0,18445021.0,18905480,19405506,19938322.0,20489973.0,21040899.0,21576074,22090352,22584772,23057875,23509971,23941099,24347113,24725625,25080880,25419337,25744500,26066687,26382586,26666581,26883531,27013207,27041220,26989160.0,26916795.0,26905982.0,27015033.0,27263430.0,27632682.0,28095712.0,28608715.0,29136808.0
139,Netherlands,13941700.0,14038270.0,14149800.0,14247208.0,14312690.0,14367070.0,14424211.0,14491632.0,14572278.0,14665037.0,14760094.0,14848907.0,14951510,15069798,15184166.0,15290368.0,15382838.0,15459006,15530498,15610650,15707209,15812088,15925513,16046180,16148929,16225302,16281779,16319868,16346101,16381696,16445593,16530388,16615394,16693074,16754962.0,16804432.0,16865008.0,16939923.0,17030314.0,17131296.0,17231624.0,17344874.0,17441139.0
140,New Caledonia,137500.0,138500.0,140050.0,142650.0,145700.0,148700.0,151650.0,154450.0,157350.0,160500.0,163650.0,166898.0,170899,175362,179799.0,184496.0,189482.0,193816,197564,201418,205279,209214,213230,217324,221490,225296,228750,232250,235750,239250,242750,245950,249750,254350,259000.0,263650.0,268050.0,268700.0,269350.0,270000.0,270650.0,271300.0,271960.0
141,New Zealand,3121200.0,3109000.0,3112900.0,3124900.0,3156100.0,3199300.0,3227100.0,3247100.0,3246300.0,3274400.0,3283400.0,3299200.0,3329800,3495100,3531700.0,3572200.0,3620000.0,3673400,3732000,3781300,3815000,3835100,3857700,3880500,3948500,4027200,4087500,4133900,4184600,4223800,4259800,4302600,4350700,4384000,4408100.0,4442100.0,4516500.0,4609400.0,4714100.0,4813600.0,4900600.0,4979300.0,5084300.0
142,Nicaragua,3077861.0,3171404.0,3265520.0,3360142.0,3455129.0,3549711.0,3642978.0,3734343.0,3823133.0,3909672.0,3995529.0,4082958.0,4173435,4267570,4364514.0,4462496.0,4559010.0,4652185,4741571,4827658,4910642,4991041,5069310,5145367,5219324,5292115,5364930,5438692,5513757,5590066,5667436,5745538,5824058,5903035,5982530.0,6062462.0,6142734.0,6223234.0,6303970.0,6384843.0,6465502.0,6545503.0,6624554.0
143,Niger,5652655.0,5818763.0,5989000.0,6163711.0,6343530.0,6528646.0,6719310.0,6915994.0,7118885.0,7328934.0,7548429.0,7780242.0,8026592,8288739,8566773.0,8860297.0,9168316.0,9490289,9826600,10178196,10545720,10929922,11331561,11751364,12189988,12647983,13125914,13624474,14143969,14685404,15250913,15843131,16464025,17114770,17795209.0,18504287.0,19240182.0,20001663.0,20788789.0,21602388.0,22442831.0,23310719.0,24206636.0
144,Nigeria,69271915.0,71361141.0,73423646.0,75440505.0,77427539.0,79414841.0,81448757.0,83562776.0,85766396.0,88048029.0,90395278.0,92788039.0,95212454,97667632,100161708.0,102700751.0,105293701.0,107948339,110668784,113457661,116319763,119260055,122283853,125394046,128596079,131900634,135320420,138865014,142538305,146339971,150269622,154324939,158503203,162805080,167228803.0,171765819.0,176404931.0,181137454.0,185960244.0,190873247.0,195874685.0,200963603.0,206139587.0
145,North Macedonia,1877690.0,1902718.0,1924203.0,1941527.0,1955247.0,1965892.0,1974413.0,1981536.0,1987538.0,1992278.0,1995508.0,1996863.0,1996218,1993304,1988659.0,1984024.0,1981713.0,1983259,1989441,1999588,2012052,2024393,2034823,2042844,2048930,2053426,2057044,2060280,2063132,2065408,2067309,2069030,2070737,2072484,2074275.0,2076065.0,2077780.0,2079335.0,2080746.0,2081996.0,2082957.0,2083458.0,2083380.0
146,Northern Mariana Islands,15167.0,15640.0,16633.0,18168.0,20163.0,22622.0,25496.0,28719.0,32377.0,36371.0,40294.0,43542.0,45752,46662,46473.0,45763.0,45361.0,45872,47518,50052,52999,55633,57453,58319,58412,57954,57240,56547,55886,55215,54621,54194,53971,54013,54306.0,54786.0,55301.0,55779.0,56187.0,56553.0,56889.0,57213.0,57557.0
147,Norway,4058671.0,4072517.0,4085620.0,4099702.0,4114787.0,4128432.0,4140099.0,4152516.0,4167354.0,4186905.0,4209488.0,4226901.0,4241473,4261732,4286401.0,4311991.0,4336613.0,4359184,4381336,4405157,4431464,4461913,4490967,4513751,4538159,4564855,4591910,4623291,4660677,4709153,4768212,4828726,4889252,4953088,5018573.0,5079623.0,5137232.0,5188607.0,5234519.0,5276968.0,5311916.0,5347896.0,5379475.0
148,Oman,1032797.0,1091858.0,1154373.0,1220578.0,1290121.0,1361085.0,1431066.0,1498413.0,1561180.0,1619871.0,1678119.0,1741155.0,1812158,1893761,1983272.0,2072106.0,2148416.0,2204267,2236652,2249759,2251859,2254898,2267973,2294959,2334860,2386164,2445524,2511254,2580753,2657162,2750956,2876186,3041435,3251102,3498031.0,3764805.0,4027255.0,4267341.0,4479217.0,4665926.0,4829476.0,4974992.0,5106622.0
149,Pakistan,73197254.0,75561128.0,78054346.0,80680461.0,83431597.0,86285936.0,89213708.0,92191505.0,95215375.0,98285762.0,101389603.0,104512874.0,107647918,110778655,113911126.0,117086680.0,120362764.0,123776835,127349293,131057432,134843233,138624625,142343583,145978408,149549695,153093371,156664698,160304007,164022626,167808106,171648984,175525610,179424643,183340168,187280125.0,191260799.0,195305012.0,199426953.0,203631356.0,207906210.0,212228288.0,216565317.0,220892331.0
150,Palau,12409.0,12231.0,12178.0,12281.0,12519.0,12842.0,13190.0,13534.0,13835.0,14121.0,14400.0,14704.0,15063,15442,15859.0,16285.0,16735.0,17158,17599,18016,18409,18773,19104,19390,19642,19812,19861,19784,19545,19159,18708,18290,17954,17748,17635.0,17603.0,17625.0,17665.0,17718.0,17809.0,17911.0,18001.0,18092.0
151,Panama,1884427.0,1931302.0,1978489.0,2025965.0,2073748.0,2121863.0,2170330.0,2219200.0,2268500.0,2318259.0,2368556.0,2419424.0,2470946,2523115,2575949.0,2629584.0,2684117.0,2739667,2796291,2853907,2912318,2971197,3030333,3089641,3149195,3209056,3269356,3330222,3391673,3453671,3516204,3579215,3642691,3706479,3770635.0,3835447.0,3901311.0,3968490.0,4037073.0,4106764.0,4176868.0,4246440.0,4314768.0
152,Papua New Guinea,3388631.0,3478093.0,3571209.0,3668102.0,3768489.0,3871490.0,3975950.0,4081022.0,4186499.0,4292575.0,4399320.0,4506996.0,4615843,4725543,4836216.0,4949053.0,5065664.0,5187063,5314258,5446633,5581767,5716166,5847590,5974627,6098621,6223378,6354247,6494902,6646891,6808503,6976200,7144774,7310512,7472196,7631003.0,7788388.0,7946733.0,8107772.0,8271766.0,8438038.0,8606324.0,8776119.0,8947027.0
153,Paraguay,3013281.0,3095151.0,3181627.0,3272922.0,3368763.0,3468533.0,3571275.0,3676206.0,3783074.0,3891725.0,4001678.0,4112396.0,4223413,4334348,4445019.0,4555518.0,4666096.0,4776838,4887638,4998096,5107840,5216346,5323202,5428442,5531958,5632983,5730556,5824095,5913212,5998430,6081296,6163970,6248017,6333981,6421510.0,6510273.0,6599524.0,6688746.0,6777878.0,6867058.0,6956069.0,7044639.0,7132530.0
154,Peru,16683451.0,17113393.0,17547612.0,17985398.0,18426420.0,18870988.0,19319746.0,19772871.0,20230385.0,20691285.0,21153462.0,21614193.0,22071433,22522383,22966822.0,23408135.0,23851405.0,24299168,24753825,25210957,25658070,26078295,26459944,26799289,27100964,27372217,27624226,27866140,28102055,28333050,28562321,28792663,29027680,29264314,29506790.0,29773986.0,30090372.0,30470739.0,30926036.0,31444299.0,31989265.0,32510462.0,32971846.0
155,Philippines,44838485.0,46079844.0,47357741.0,48672831.0,50023564.0,51408910.0,52827047.0,54275836.0,55755346.0,57263835.0,58794999.0,60340768.0,61895169,63454785,65020124.0,66593904.0,68180846.0,69784087,71401743,73030879,74672009,76325927,77991757,79672869,81365260,83051970,84710544,86326251,87888675,89405482,90901967,92414161,93966784,95570049,97212639.0,98871558.0,100513137.0,102113206.0,103663812.0,105172921.0,106651394.0,108116622.0,109581085.0
156,Poland,34965600.0,35247217.0,35574150.0,35898587.0,36230481.0,36571808.0,36904134.0,37201885.0,37456119.0,37668045.0,37824487.0,37961529.0,38110782,38246193,38363667.0,38461408.0,38542652.0,38594998,38624370,38649660,38663481,38660271,38258629,38248076,38230364,38204570,38182222,38165445,38141267,38120560,38125759,38151603,38042794,38063255,38063164.0,38040196.0,38011735.0,37986412.0,37970087.0,37974826.0,37974750.0,37965475.0,37950802.0
157,Portugal,9558250.0,9661265.0,9766312.0,9851362.0,9911771.0,9957865.0,9996232.0,10023613.0,10032734.0,10030031.0,10019610.0,10005000.0,9983218,9960235,9952494.0,9964675.0,9991525.0,10026176,10063945,10108977,10160196,10217828,10289898,10362722,10419631,10458821,10483861,10503330,10522288,10542964,10558177,10568247,10573100,10557560,10514844.0,10457295.0,10401062.0,10358076.0,10325452.0,10300300.0,10283822.0,10286263.0,10305564.0
158,Puerto Rico,3129421.0,3168088.0,3206000.0,3242552.0,3277453.0,3311138.0,3344190.0,3377000.0,3409554.0,3441850.0,3473898.0,3505650.0,3537000,3562110,3585176.0,3615497.0,3649237.0,3683103,3724655,3759430,3781101,3800081,3810605,3818774,3823701,3826095,3826878,3821362,3805214,3782995,3760866,3740410,3721525,3678732,3634488.0,3593077.0,3534874.0,3473232.0,3406672.0,3325286.0,3193354.0,3193694.0,3194034.0
159,Qatar,191947.0,205172.0,223622.0,247984.0,277229.0,309299.0,341272.0,370886.0,397739.0,422154.0,443611.0,461688.0,476275,487354,495403.0,501479.0,507044.0,513447,522531,535320,551566,570486,592467,615013,640872,681791,753332,865410,1022704,1218441,1436670,1654944,1856329,2035862,2196078.0,2336579.0,2459202.0,2565708.0,2654379.0,2724727.0,2781682.0,2832071.0,2881060.0
160,Romania,21951464.0,22090488.0,22207282.0,22353070.0,22475741.0,22560478.0,22640547.0,22732999.0,22836841.0,22949430.0,23057662.0,23161458.0,23201835,23001155,22794284.0,22763280.0,22730211.0,22684270,22619004,22553978,22507344,22472040,22442971,22131970,21730496,21574326,21451748,21319685,21193760,20882982,20537875,20367487,20246871,20147528,20058035.0,19983693.0,19908979.0,19815616.0,19702267.0,19588715.0,19473970.0,19371648.0,19286123.0
161,Russian Federation,137060000.0,138027000.0,139010000.0,139941000.0,140823000.0,141668000.0,142745000.0,143858000.0,144894000.0,145908000.0,146857000.0,147721000.0,147969407,148394216,148538197.0,148458777.0,148407912.0,148375787,148160129,147915361,147670784,147214776,146596869,145976482,145306497,144648618,144067316,143518814,143049637,142805114,142742366,142785349,142849468,142960908,143201721.0,143506995.0,143819667.0,144096870.0,144342397.0,144496739.0,144477859.0,144406261.0,144104080.0
162,Rwanda,4812872.0,4978812.0,5153314.0,5329250.0,5504847.0,5690989.0,5902847.0,6146884.0,6443748.0,6779981.0,7088194.0,7276983.0,7288883,7083928,6702239.0,6263758.0,5936253.0,5836490,6013112,6419898,6962800,7501238,7933688,8231150,8427061,8557160,8680516,8840220,9043342,9273759,9524532,9782770,10039338,10293333,10549668.0,10811538.0,11083629.0,11369066.0,11668829.0,11980960.0,12301969.0,12626938.0,12952209.0
163,Samoa,153986.0,154740.0,155522.0,156410.0,157365.0,158345.0,159243.0,159995.0,160552.0,160962.0,161369.0,161935.0,162797,164000,165490.0,167117.0,168689.0,170050,171165,172065,172839,173606,174454,175394,176410,177481,178597,179722,180874,182045,183270,184553,185944,187469,189089.0,190712.0,192220.0,193510.0,194540.0,195358.0,196128.0,197093.0,198410.0
164,San Marino,20764.0,21122.0,21453.0,21761.0,22043.0,22295.0,22546.0,22794.0,23046.0,23297.0,23548.0,23833.0,24124,24454,24830.0,25208.0,25588.0,25925,26253,26563,26851,27141,27460,27818,28175,28561,28942,29324,29694,30068,30434,30825,31221,31655,32103.0,32554.0,32941.0,33270.0,33503.0,33671.0,33784.0,33864.0,33938.0
165,Sao Tome and Principe,90846.0,93458.0,95788.0,97767.0,99478.0,101064.0,102826.0,104926.0,107429.0,110259.0,113288.0,116313.0,119211,121949,124574.0,127066.0,129426.0,131679,133799,135831,137855,139964,142264,144760,147450,150405,153736,157472,161676,166297,171122,175877,180372,184521,188394.0,192076.0,195727.0,199439.0,203221.0,207086.0,211032.0,215048.0,219161.0
166,Saudi Arabia,8646845.0,9137928.0,9691471.0,10311771.0,10988851.0,11701132.0,12418836.0,13118998.0,13794167.0,14445663.0,15070082.0,15666289.0,16233786,16772695,17282686.0,17763297.0,18214475.0,18638790,19033843,19407138,19783301,20194531,20663840,21202646,21805322,22456645,23132686,23816175,24498313,25184589,25888535,26630303,27421468,28267591,29154906.0,30052058.0,30916603.0,31717676.0,32443443.0,33101183.0,33702757.0,34268529.0,34813867.0
167,Senegal,5306685.0,5439069.0,5583157.0,5740441.0,5909734.0,6089567.0,6277420.0,6471329.0,6670665.0,6875746.0,7086624.0,7303511.0,7526306,7755503,7990090.0,8226749.0,8461066.0,8690155,8912872,9130876,9347777,9568717,9797731,10036102,10283694,10541470,10810086,11090123,11382272,11687078,12004700,12335092,12678143,13033814,13401990.0,13782429.0,14174740.0,14578450.0,14993514.0,15419354.0,15854324.0,16296362.0,16743930.0
168,Serbia,7297000.0,7332000.0,7362000.0,7405000.0,7440000.0,7468000.0,7489000.0,7504000.0,7536000.0,7558000.0,7572000.0,7581000.0,7586000,7595636,7646424.0,7699307.0,7734639.0,7625357,7617794,7596501,7567745,7540401,7516346,7503433,7496522,7480591,7463157,7440769,7411569,7381579,7350222,7320807,7291436,7234099,7199077.0,7164132.0,7130576.0,7095383.0,7058322.0,7020858.0,6982604.0,6945235.0,6908224.0
169,Seychelles,62150.0,62686.0,63261.0,64035.0,64413.0,64335.0,64717.0,65244.0,65652.0,68499.0,68755.0,69167.0,69507,70439,70763.0,72253.0,74205.0,75304,76417,77319,78846,80410,81131,81202,83723,82781,82475,82858,84600,85033,86956,87298,89770,87441,88303.0,89949.0,91359.0,93419.0,94677.0,95843.0,96762.0,97625.0,98462.0
170,Sierra Leone,3240841.0,3313506.0,3388494.0,3464113.0,3540164.0,3619854.0,3707513.0,3805304.0,3916685.0,4038154.0,4156636.0,4254434.0,4319763,4348663,4347727.0,4328965.0,4309780.0,4303953,4312660,4335295,4381484,4462374,4584570,4754069,4965770,5201074,5433995,5645629,5829240,5989641,6133599,6272735,6415636,6563238,6712586.0,6863975.0,7017153.0,7171909.0,7328846.0,7488427.0,7650149.0,7813207.0,7976985.0
171,Singapore,2353600.0,2383500.0,2413945.0,2532835.0,2646466.0,2681061.0,2732221.0,2735957.0,2733373.0,2774789.0,2846108.0,2930901.0,3047132,3135083,3230698.0,3313471.0,3419048.0,3524506,3670704,3796038,3927213,3958723,4027887,4138012,4175950,4114826,4166664,4265762,4401365,4588599,4839396,4987573,5076732,5183688,5312437.0,5399162.0,5469724.0,5535002.0,5607283.0,5612253.0,5638676.0,5703569.0,5685807.0
172,Sint Maarten (Dutch part),11481.0,12244.0,13097.0,14030.0,15032.0,16175.0,17517.0,19127.0,21028.0,23157.0,25334.0,27280.0,28814,29852,30458.0,30765.0,30950.0,31164,31434,31731,31240,31084,30519,30600,30777,31472,32488,33011,33441,33811,33964,34238,34056,33435,34640.0,36607.0,37685.0,38825.0,39969.0,40574.0,40654.0,40733.0,40812.0
173,Slovak Republic,4890125.0,4938973.0,4979815.0,5016105.0,5055099.0,5091971.0,5127097.0,5161768.0,5193838.0,5222840.0,5250596.0,5275942.0,5299187,5303294,5305016.0,5325305.0,5346331.0,5361999,5373361,5383291,5390516,5396020,5388720,5378867,5376912,5373374,5372280,5372807,5373054,5374622,5379233,5386406,5391428,5398384,5407579.0,5413393.0,5418649.0,5423801.0,5430798.0,5439232.0,5446771.0,5454147.0,5458827.0
174,Slovenia,1862548.0,1882599.0,1901315.0,1906531.0,1910334.0,1922321.0,1932154.0,1941641.0,1965964.0,1989776.0,1995196.0,1996351.0,1998161,1999429,1996498.0,1991746.0,1989443.0,1989872,1988628,1985956,1981629,1983045,1988925,1992060,1994530,1995733,1997012,2000474,2006868,2018122,2021316,2039669,2048583,2052843,2057159.0,2059953.0,2061980.0,2063531.0,2065042.0,2066388.0,2073894.0,2088385.0,2100126.0
175,Solomon Islands,215299.0,222841.0,230550.0,238423.0,246451.0,254566.0,262691.0,270787.0,278834.0,286871.0,294976.0,303272.0,311869,320781,330004.0,339501.0,349273.0,359276,369517,379998,390702,401592,412665,423949,435434,447016,458549,469918,481086,492133,503366,515182,527861,541522,556066.0,571329.0,587079.0,603133.0,619438.0,636030.0,652856.0,669821.0,686878.0
176,Somalia,5375018.0,5892763.0,6281138.0,6511115.0,6608040.0,6618594.0,6614713.0,6648628.0,6736751.0,6862267.0,7005226.0,7133263.0,7225089,7274026,7295380.0,7315864.0,7372592.0,7491647,7682683,7936122,8235064,8553595,8872250,9186719,9501335,9815412,10130251,10446856,10763904,11080122,11397188,11717691,12043886,12376305,12715487.0,13063711.0,13423571.0,13797204.0,14185635.0,14589165.0,15008225.0,15442906.0,15893219.0
177,South Africa,27138966.0,27827325.0,28556771.0,29333095.0,30150448.0,30993762.0,31841588.0,32678876.0,33495956.0,34297727.0,35100905.0,35930056.0,36800507,37718952,38672611.0,39633754.0,40564061.0,41435761,42241007,42987456,43682259,44338551,44967713,45571272,46150913,46719203,47291610,47880595,48489464,49119766,49779472,50477013,51216967,52003759,52832659.0,53687125.0,54544184.0,55386369.0,56207649.0,57009751.0,57792520.0,58558267.0,59308690.0
178,South Sudan,4253085.0,4371711.0,4502603.0,4646478.0,4799435.0,4953154.0,5096478.0,5220748.0,5328167.0,5419808.0,5485288.0,5511582.0,5492620,5420179,5305449.0,5185712.0,5111371.0,5118084,5221925,5411653,5661934,5933884,6199396,6447791,6688225,6935665,7213354,7535931,7907407,8315144,8736932,9142258,9508372,9830695,10113648.0,10355030.0,10554882.0,10715657.0,10832520.0,10910774.0,10975924.0,11062114.0,11193729.0
179,Spain,36864898.0,37191330.0,37491165.0,37758631.0,37986012.0,38171525.0,38330364.0,38469512.0,38584624.0,38684815.0,38766939.0,38827764.0,38867322,38966376,39157685.0,39361262.0,39549108.0,39724050,39889852,40057389,40223509,40386875,40567864,40850412,41431558,42187645,42921895,43653155,44397319,45226803,45954106,46362946,46576897,46742697,46773055.0,46620045.0,46480882.0,46444832.0,46484062.0,46593236.0,46797754.0,47133521.0,47351567.0
180,Sri Lanka,14533691.0,14788866.0,15035840.0,15272822.0,15501210.0,15724641.0,15948501.0,16176282.0,16408861.0,16643956.0,16878186.0,17106752.0,17325769,17535732,17736827.0,17924827.0,18094474.0,18242917,18367290,18470897,18564595,18663293,18777606,18911727,19062476,19224036,19387153,19544988,19695977,19842044,19983984,20123508,20261738,20398496,20425000.0,20585000.0,20778000.0,20970000.0,21203000.0,21444000.0,21670000.0,21803000.0,21919000.0
181,St. Kitts and Nevis,43703.0,43452.0,43201.0,42963.0,42733.0,42477.0,42198.0,41874.0,41479.0,41041.0,40633.0,40354.0,40260,40381,40691.0,41141.0,41618.0,42077,42472,42857,43225,43622,44083,44602,45168,45749,46323,46852,47333,47769,48178,48599,49011,49442,49881.0,50328.0,50776.0,51204.0,51629.0,52036.0,52438.0,52834.0,53192.0
182,St. Lucia,114398.0,116148.0,117828.0,119435.0,120987.0,122571.0,124296.0,126246.0,128448.0,130868.0,133364.0,135787.0,138019,140001,141758.0,143402.0,145080.0,146871,148837,150920,153023,154988,156737,158184,159392,160530,161821,163408,165378,167644,170011,172223,174092,175538,176654.0,177505.0,178307.0,179131.0,180028.0,180955.0,181890.0,182795.0,183629.0
183,St. Martin (French part),8191.0,8557.0,8777.0,8675.0,8372.0,8296.0,9067.0,11066.0,14561.0,19274.0,24374.0,28723.0,31522,32441,31816.0,30194.0,28482.0,27320,26854,26910,27388,28122,28935,29847,30913,32055,33187,34252,35240,36138,36880,37380,37582,37451,37012.0,36458.0,36018.0,35865.0,36061.0,36569.0,37264.0,38002.0,38659.0
184,St. Vincent and the Grenadines,98688.0,99649.0,100566.0,101439.0,102255.0,103035.0,103776.0,104503.0,105217.0,105905.0,106533.0,107071.0,107489,107772,107941.0,108036.0,108059.0,108043,107983,107895,107807,107763,107787,107893,108095,108322,108520,108617,108602,108516,108401,108293,108260,108315,108435.0,108624.0,108868.0,109135.0,109467.0,109826.0,110210.0,110593.0,110947.0
185,Sudan,13510429.0,14002302.0,14507466.0,15027254.0,15562129.0,16107613.0,16657956.0,17210182.0,17757494.0,18303430.0,18867559.0,19476653.0,20147592,20891442,21696240.0,22527837.0,23338465.0,24094741,24782384,25413912,26015518,26626512,27275019,27971077,28704786,29460517,30214189,30949514,31661824,32360619,33060844,33783779,34545014,35349676,36193781.0,37072555.0,37977657.0,38902948.0,39847433.0,40813398.0,41801532.0,42813237.0,43849269.0
186,Suriname,358103.0,358826.0,359531.0,360144.0,360927.0,362282.0,364722.0,368636.0,374133.0,381033.0,388877.0,397082.0,405169,413009,420658.0,428028.0,435099.0,441851,448207,454165,459838,465380,470944,476574,482228,487938,493680,499461,505292,511181,517122,523113,529126,535177,541247.0,547295.0,553278.0,559136.0,564883.0,570501.0,575987.0,581363.0,586634.0
187,Sweden,8275599.0,8293678.0,8310531.0,8320503.0,8325263.0,8329033.0,8336605.0,8350386.0,8369829.0,8397804.0,8436489.0,8492964.0,8558835,8617375,8668067.0,8718561.0,8780745.0,8826939,8840998,8846062,8850974,8857874,8872109,8895960,8924958,8958229,8993531,9029572,9080505,9148092,9219637,9298515,9378126,9449213,9519374.0,9600379.0,9696110.0,9799186.0,9923085.0,10057698.0,10175214.0,10278887.0,10353442.0
188,Switzerland,6281738.0,6294365.0,6319408.0,6354074.0,6391309.0,6418773.0,6441865.0,6470365.0,6504124.0,6545106.0,6593386.0,6646912.0,6715519,6799978,6875364.0,6938265.0,6993795.0,7040687,7071850,7088906,7110001,7143991,7184250,7229854,7284753,7339001,7389625,7437115,7483934,7551117,7647675,7743831,7824909,7912398,7996861.0,8089346.0,8188649.0,8282396.0,8373338.0,8451840.0,8514329.0,8575280.0,8636896.0
189,Syrian Arab Republic,8336421.0,8625693.0,8930776.0,9252854.0,9590226.0,9938852.0,10293048.0,10648633.0,11004273.0,11360848.0,11719064.0,12080439.0,12446168,12815400,13187669.0,13565074.0,13950486.0,14345491,14754148,15175308,15599588,16013992,16410847,16766555,17084628,17415214,17827827,18361178,19059257,19878257,20664037,21205873,21362541,21081814,20438861.0,19578466.0,18710711.0,17997411.0,17465567.0,17095669.0,16945062.0,17070132.0,17500657.0
190,Tajikistan,3688411.0,3794457.0,3905443.0,4020818.0,4140297.0,4265278.0,4397563.0,4537820.0,4687328.0,4843997.0,5001172.0,5149872.0,5283811,5400636,5502490.0,5593317.0,5679169.0,5764806,5851354,5938404,6027395,6119664,6216329,6318510,6426861,6541550,6662391,6789318,6922590,7062667,7209924,7364752,7527397,7697507,7874838.0,8059782.0,8252828.0,8454019.0,8663575.0,8880270.0,9100847.0,9321023.0,9537642.0
191,Tanzania,17432756.0,17976219.0,18538263.0,19120683.0,19723317.0,20344550.0,20981775.0,21633799.0,22296282.0,22971208.0,23670807.0,24411744.0,25203848,26056605,26961204.0,27887204.0,28792649.0,29649128,30444523,31192853,31924201,32682240,33499177,34385849,35334790,36337778,37379766,38450323,39548666,40681416,41853944,43073830,44346532,45673520,47053033.0,48483132.0,49960563.0,51482638.0,53049231.0,54660345.0,56313444.0,58005461.0,59734213.0
192,Thailand,45413082.0,46401750.0,47374463.0,48326269.0,49255889.0,50173922.0,51094870.0,52026901.0,52980105.0,53945872.0,54891520.0,55772169.0,56558196,57232471,57811025.0,58337773.0,58875275.0,59467272,60130190,60846588,61585103,62298569,62952639,63539190,64069093,64549867,64995303,65416189,65812540,66182064,66530980,66866834,67195032,67518379,67835969.0,68144519.0,68438748.0,68714519.0,68971313.0,69209817.0,69428454.0,69625581.0,69799978.0
193,Timor-Leste,610048.0,602363.0,599907.0,603837.0,613233.0,626677.0,641845.0,657061.0,671747.0,686475.0,701812.0,718736.0,737814,759526,783204.0,806867.0,827828.0,844333,855358,861870,866523,873138,884366,901214,922699,947110,971889,995130,1016437,1036388,1055428,1074286,1093517,1113154,1133002.0,1153288.0,1174333.0,1196294.0,1219289.0,1243260.0,1267975.0,1293120.0,1318442.0
194,Togo,2576293.0,2642693.0,2720835.0,2812312.0,2915618.0,3026980.0,3140840.0,3252997.0,3363040.0,3471738.0,3577469.0,3678567.0,3774310,3862998,3945902.0,4029044.0,4120615.0,4226293,4348808,4485945,4632451,4780455,4924406,5062571,5197040,5330629,5467770,5611643,5762881,5920360,6083417,6250840,6421674,6595939,6773807.0,6954721.0,7137997.0,7323162.0,7509952.0,7698476.0,7889095.0,8082359.0,8278737.0
195,Tonga,91336.0,92271.0,92966.0,93415.0,93636.0,93736.0,93793.0,93896.0,94081.0,94318.0,94592.0,94848.0,95069,95243,95398.0,95556.0,95739.0,95972,96267,96621,97036,97475,97962,98482,99023,99591,100214,100908,101714,102577,103384,103897,103981,103558,102736.0,101768.0,101023.0,100780.0,101143.0,102002.0,103199.0,104497.0,105697.0
196,Trinidad and Tobago,1053560.0,1068644.0,1084743.0,1101983.0,1120019.0,1138071.0,1155083.0,1170296.0,1183382.0,1194532.0,1204150.0,1212858.0,1221121,1229108,1236685.0,1243605.0,1249527.0,1254200,1257547,1259838,1261699,1263927,1267159,1271627,1277210,1283564,1290115,1296497,1302552,1308450,1314449,1320921,1328144,1336180,1344814.0,1353708.0,1362337.0,1370332.0,1377563.0,1384060.0,1389841.0,1394969.0,1399491.0
197,Tunisia,6060158.0,6210756.0,6374040.0,6551232.0,6740520.0,6937332.0,7135265.0,7329590.0,7517854.0,7700733.0,7880333.0,8060211.0,8242509,8427851,8613855.0,8795934.0,8967916.0,9125400,9267335,9395119,9509862,9613587,9708347,9793915,9871261,9945282,10022278,10106778,10201211,10304729,10414425,10525691,10635245,10741872,10846993.0,10952949.0,11063195.0,11179951.0,11303942.0,11433438.0,11565203.0,11694721.0,11818618.0
198,Turkey,42039983.0,42994043.0,43975972.0,44988411.0,46025411.0,47073470.0,48114158.0,49133928.0,50128548.0,51100930.0,52053764.0,52992479.0,53921758,54840595,55748946.0,56653808.0,57564209.0,58486453,59423278,60372571,61329665,62287391,63240196,64192243,65145357,66089402,67010930,67903461,68756809,69581854,70418612,71321406,72326992,73443254,74651046.0,75925454.0,77229262.0,78529413.0,79827868.0,81116451.0,82340090.0,83429607.0,84339067.0
199,Turkmenistan,2734899.0,2805817.0,2876809.0,2947783.0,3019064.0,3091510.0,3166215.0,3244024.0,3324462.0,3407310.0,3493892.0,3585867.0,3683978,3789188,3899843.0,4010789.0,4115105.0,4207841,4287337,4355125,4413477,4466133,4516128,4564087,4610018,4655752,4703396,4754652,4810114,4870142,4935765,5007953,5087211,5174076,5267906.0,5366376.0,5466324.0,5565283.0,5662371.0,5757667.0,5850902.0,5942094.0,6031187.0
200,Turks and Caicos Islands,7380.0,7607.0,7894.0,8243.0,8654.0,9096.0,9556.0,9974.0,10365.0,10717.0,11091.0,11550.0,12115,12815,13639.0,14526.0,15399.0,16221,16930,17566,18228,19069,20171,21578,23230,25008,26709,28181,29394,30383,31200,31933,32658,33371,34067.0,34733.0,35371.0,35979.0,36558.0,37116.0,37667.0,38194.0,38718.0
201,Tuvalu,7018.0,7357.0,7631.0,7825.0,7951.0,8041.0,8110.0,8211.0,8341.0,8481.0,8637.0,8787.0,8910,9014,9110.0,9194.0,9259.0,9298,9317,9328,9332,9344,9392,9478,9593,9724,9871,9997,10118,10219,10315,10413,10521,10626,10744.0,10849.0,10973.0,11099.0,11232.0,11365.0,11505.0,11655.0,11792.0
202,Uganda,11712540.0,12071140.0,12442333.0,12825084.0,13221991.0,13638729.0,14082870.0,14559357.0,15070319.0,15612754.0,16180129.0,16763041.0,17354395,17953534,18561668.0,19175986.0,19793541.0,20413157,21032817,21655392,22290787,22952406,23650159,24388974,25167261,25980547,26821300,27684590,28571475,29486335,30431734,31411096,32428164,33476772,34558700.0,35694519.0,36911530.0,38225447.0,39649173.0,41166588.0,42729032.0,44269587.0,45741000.0
203,Ukraine,49523304.0,49747998.0,49965872.0,50221000.0,50384000.0,50564000.0,50754000.0,50917000.0,51097000.0,51293000.0,51521000.0,51773000.0,51891400,52000500,52150400.0,52179200.0,51921400.0,51512800,51057800,50594600,50144500,49674000,49176500,48662400,48202470,47812949,47451626,47105171,46787786,46509355,46258189,46053331,45870741,45706086,45593342.0,45489648.0,45272155.0,45154036.0,45004673.0,44831135.0,44622518.0,44386203.0,44134693.0
204,United Arab Emirates,835498.0,931752.0,1019507.0,1096602.0,1164816.0,1228457.0,1293970.0,1366165.0,1446386.0,1533526.0,1627068.0,1725676.0,1828437,1937159,2052892.0,2173135.0,2294377.0,2415099,2539121,2671361,2813214,2966029,3134067,3302722,3478769,3711931,4068577,4588222,5300172,6168846,7089486,7917368,8549998,8946778,9141598.0,9197908.0,9214182.0,9262896.0,9360975.0,9487206.0,9630966.0,9770526.0,9890400.0
205,United Kingdom,56196504.0,56246951.0,56314216.0,56333829.0,56313641.0,56332848.0,56422072.0,56550268.0,56681396.0,56802050.0,56928327.0,57076711.0,57247586,57424897,57580402.0,57718614.0,57865745.0,58019030,58166950,58316954,58487141,58682466,58892514,59119673,59370479,59647577,59987905,60401206,60846820,61322463,61806995,62276270,62766365,63258810,63700215.0,64128273.0,64602298.0,65116219.0,65611593.0,66058859.0,66460344.0,66836327.0,67215293.0
206,United States,222585000.0,225055000.0,227225000.0,229466000.0,231664000.0,233792000.0,235825000.0,237924000.0,240133000.0,242289000.0,244499000.0,246819000.0,249623000,252981000,256514000.0,259919000.0,263126000.0,266278000,269394000,272657000,275854000,279040000,282162411,284968955,287625193,290107933,292805298,295516599,298379912,301231207,304093966,306771529,309327143,311583481,313877662.0,316059947.0,318386329.0,320738994.0,323071755.0,325122128.0,326838199.0,328329953.0,329484123.0
207,Uruguay,2875724.0,2895683.0,2915389.0,2934624.0,2953852.0,2973048.0,2992250.0,3011519.0,3030651.0,3049581.0,3068714.0,3088603.0,3109598,3131657,3154459.0,3177734.0,3201149.0,3224275,3247383,3270158,3291053,3308005,3319734,3325471,3326046,3323661,3321486,3321799,3325403,3331753,3340221,3349676,3359273,3368926,3378975.0,3389436.0,3400439.0,3412013.0,3424139.0,3436645.0,3449290.0,3461731.0,3473727.0
208,Uzbekistan,15057226.0,15476928.0,15898760.0,16321692.0,16747428.0,17177663.0,17615037.0,18061283.0,18515579.0,18976411.0,19443890.0,19918119.0,20510000,20952000,21449000.0,21942000.0,22377000.0,22785000,23225000,23667000,24051000,24311650,24650400,24964450,25271850,25567650,25864350,26167000,26488250,26868000,27302800,27767400,28562400,29339400,29774500.0,30243200.0,30757700.0,31298900.0,31847900.0,32388600.0,32956100.0,33580350.0,34232050.0
209,Vanuatu,109397.0,112543.0,115598.0,118546.0,121398.0,124213.0,127058.0,129989.0,132988.0,136075.0,139319.0,142801.0,146575,150718,155176.0,159743.0,164128.0,168161,171721,174917,177987,181259,184964,189209,193927,198960,204123,209282,214379,219464,224700,230244,236216,242658,249505.0,256637.0,263888.0,271128.0,278326.0,285499.0,292675.0,299882.0,307150.0
210,"Venezuela, RB",14364726.0,14771270.0,15182616.0,15597878.0,16017570.0,16443128.0,16876703.0,17319513.0,17772000.0,18232733.0,18698850.0,19166474.0,19632665,20096314,20557694.0,21016900.0,21474553.0,21931087,22385650,22837743,23288567,23739835,24192449,24646471,25100407,25551624,25996594,26432445,26850190,27247601,27635827,28031010,28439942,28887873,29360827.0,29781046.0,30042973.0,30081827.0,29851249.0,29402480.0,28887117.0,28515829.0,28435943.0
211,Vietnam,51959021.0,53095406.0,54281841.0,55522804.0,56814309.0,58148384.0,59512619.0,60896732.0,62293859.0,63701974.0,65120432.0,66550231.0,67988855,69436956,70883488.0,72300308.0,73651220.0,74910462,76068739,77133212,78115712,79035871,79910411,80742500,81534406,82301650,83062819,83832662,84617545,85419588,86243424,87092250,87967655,88871384,89801926.0,90752593.0,91713850.0,92677082.0,93640435.0,94600643.0,95545959.0,96462108.0,97338583.0
212,Virgin Islands (U.S.),95929.0,96183.0,99636.0,99853.0,100068.0,100348.0,100600.0,100760.0,100842.0,100901.0,100952.0,101041.0,103963,104807,105712.0,106578.0,107318.0,107818,108095,108357,108537,108599,108642,108549,108509,108505,108466,108453,108369,108337,108397,108404,108357,108290,108188.0,108041.0,107882.0,107712.0,107516.0,107281.0,107001.0,106669.0,106290.0
213,West Bank and Gaza,19833350.995348837,20182691.776744187,20535496.037209302,20897701.906976745,21273967.85116279,21653704.6,22032255.306976743,22417915.413953487,22814890.623255815,23222338.311627906,23634000.246511627,24045498.81395349,1978248,2068845,2163591.0,2262676.0,2366298.0,2474666,2587997,2706518,2776568,2848431,2922153,2997784,3075373,3154969,3236626,3320396,3406334,3494496,3591977,3689099,3786161,3882986,3979998.0,4076708.0,4173398.0,4270092.0,4367088.0,4454805.0,4569087.0,4685306.0,4803269.0
214,"Yemen, Rep.",7414167.0,7669699.0,7941903.0,8231905.0,8541605.0,8869363.0,9213078.0,9572170.0,9941102.0,10322044.0,10730864.0,11189185.0,11709987,12302127,12954157.0,13634082.0,14297617.0,14913313,15469274,15975676,16450306,16921157,17409071,17918369,18443684,18985001,19540096,20107416,20687648,21282514,21892149,22516464,23154854,23807586,24473176.0,25147112.0,25823488.0,26497881.0,27168210.0,27834811.0,28498683.0,29161922.0,29825968.0
215,Zambia,5468259.0,5656145.0,5851818.0,6055361.0,6265869.0,6481907.0,6701547.0,6923148.0,7146965.0,7372835.0,7598270.0,7820199.0,8036849,8246662,8451346.0,8656484.0,8869745.0,9096608,9339740,9597610,9866474,10140564,10415942,10692197,10971704,11256740,11550641,11856244,12173518,12502958,12848531,13215142,13605986,14023199,14465148.0,14926551.0,15399793.0,15879370.0,16363449.0,16853608.0,17351714.0,17861034.0,18383956.0
216,Zimbabwe,6929663.0,7160021.0,7408630.0,7675582.0,7958239.0,8254746.0,8562259.0,8877489.0,9200150.0,9527202.0,9849129.0,10153852.0,10432409,10681008,10900511.0,11092775.0,11261752.0,11410721,11541215,11653254,11747079,11822722,11881482,11923906,11954293,11982219,12019911,12076697,12155496,12255920,12379553,12526964,12697728,12894323,13115149.0,13350378.0,13586710.0,13814642.0,14030338.0,14236599.0,14438812.0,14645473.0,14862927.0
